 1613,0.0001470863746445485
 573,0.00038753505264457993
 1024,0.003436445163286856
 1411,0.000969834161908956
 1438,0.00038993969225885127
 720,0.0006384973159730103
 854,0.0006497641962803744
 400,4.655879950995979e-05
 307,0.0001289481672142246
 90,0.000650620887457465
 1435,0.0003919234584961631
 304,0.00037796796628393855
 1779,0.0006315887549185944
 609,0.0009624656007741917
 443,0.00010870771167365505
 1618,0.00012396774750255535
 113,0.00023438709001009556
 364,0.00012592981748845726
 172,0.00154376060865333
 390,0.0028695367193650773
 918,0.000218678156479498
 860,0.0006886708013689091
 252,0.0015408187043133897
 9,0.0015407816963845526
 816,0.002912602168145095
 728,0.0004080412025139389
 217,0.000970617854240157
 226,0.00024810180468225933
 848,0.0015616515974689559
 192,0.004911355458372581
 927,0.00015914206059236522
 945,0.0003946240202894954
 193,0.001954224982996286
 1969,0.0003759237725964108
 833,0.0004037630294397014
 1879,0.00015896320776987024
 975,0.000667693351288259
 165,0.0006551082259554512
 1270,0.00037359221657901114
 989,0.00022374538944713423
 1694,0.00011912476563347622
 1,0.0034529966910811934
 114,0.0006639680653707187
 1482,0.00023111536309826635
 990,0.0006564732817733249
 1642,0.0006528378036464513
 1011,0.0006336466500148902
 418,0.00021957968092610364
 1785,0.00014990957110893607
 1441,0.00011540496027944309
 2016,0.0015733981400845086
 1830,0.00023307706582991264
 180,0.0006559422886203292
 935,0.00010919810910623927
 1219,0.0009472167520749247
 243,0.0015008460731220517
 832,0.0003925786118378913
 1243,0.00037542891161210424
 1923,0.0015538929558140508
 3,0.00491562560835385
 31,0.0009594002142533755
 1920,0.0028628067568802103
 1637,0.0006932230308688335
 101,0.0015627248556555626
 241,0.0009493589178977252
 537,0.000954400527818449
 864,0.0028739459174575953
 920,0.00039286761268674994
 1644,0.0015525404431415235
 524,0.0009659766644593865
 12,0.00493439269632146
 1515,0.00015310245135711283
 1328,0.0014972415856042884
 797,0.0006606913946516021
 1433,0.0009544440050722509
 189,0.00021124656886440098
 1940,0.0006443030124977495
 588,0.000688796656577283
 1051,0.000947491232255522
 1663,0.00011772193912792669
 904,0.00022489718354379252
 80,0.0029078858042432282
 1918,0.0001136980472502265
 1792,0.0019550297500716953
 966,0.0015118348854572443
 41,0.0009516364875395463
 778,0.0015231717983261255
 814,0.000604815185174179
 888,0.0015122533010557236
 1080,0.00016177363508629257
 1338,0.00021967564728813418
 1457,0.0009685817401462532
 1319,0.00015872579201876489
 2028,0.0006485670321579813
 206,0.0004043679536993895
 1431,0.00011147440748332929
 1392,0.00039636771524493035
 822,0.0015467340121082728
 1625,0.00016674772672463394
 1720,0.0006914082863400965
 718,0.00015942391410840261
 1363,0.00022417730870209017
 399,0.0014859457769617111
 1207,5.196204187117614e-05
 1604,0.0002066110856497565
 18,0.0015363619044192762
 2,0.001895091539024968
 1286,0.0015335176897113352
 969,0.00022900195610871482
 1241,0.0009503678218386136
 707,0.000415548529256679
 1778,0.00011420570563282563
 1078,0.0009538750434792878
 1795,0.0009668371694306702
 912,0.0006857465534835668
 1026,0.0019109385319053575
 1236,0.0003930180739302515
 980,0.0006294169262520693
 1155,0.0006355865999944718
 1320,0.0006437498710881062
 1503,5.279282749808071e-05
 1253,0.00015937865708397724
 118,0.00012059355665340355
 1138,0.00011529051820332127
 2047,5.306380463808577e-05
 210,0.0006578767297860762
 928,0.0015342533847363573
 580,5.17153600126978e-05
 770,0.0009314876195602671
 1025,0.003401622199518381
 985,0.00037969403303510295
 1963,0.00021613124821665854
 1728,0.002923058433559287
 949,4.949881107796711e-05
 1621,0.0002401709772821155
 1545,0.0006359462831623768
 354,0.00016322044735153643
 67,4.965735191509268e-05
 1632,0.002931327389127563
 1229,0.0009611396999100343
 1223,0.0009893381879159922
 337,0.00015255337799460883
 1998,0.00015655006480706456
 529,5.119691000504843e-05
 1445,0.0001573990718951142
 2011,0.00012841505528667712
 591,0.00022614500050313608
 1295,0.0006704179823604992
 745,0.0001600399124964145
 1970,0.00011819117706532077
 747,4.6700870406236415e-05
 387,0.002915190237134893
 755,0.00010528755754189398
 1556,0.0014989483856321956
 807,0.0002214077031086982
 1635,0.0015305877070095396
 1450,0.00014360819434039687
 794,0.0003892741427966558
 1280,0.002912696354736502
 72,0.0015003616082582124
 1334,0.0006687021987284926
 867,0.0015155226266897275
 646,0.0015653627299724905
 1434,0.0004079930639561231
 1041,0.0001277431495008264
 1826,5.1735784999376664e-05
 1133,0.0009522448300888445
 870,0.001498116102737941
 1409,0.0019166353799187916
 909,0.00039373549099347383
 2000,0.0006348118912673702
 384,0.004984351394478466
 1166,4.9100340210601465e-05
 1738,0.0006685701001977729
 1214,0.00011752599485738092
 1962,5.1500007767258006e-05
 1191,0.0003846771082775437
 1756,5.018229949803408e-05
 711,0.00040344662577330683
 109,0.0009751521730325373
 631,4.693896416519833e-05
 17,0.0006204782966738041
 1402,5.3399898782647924e-05
 1282,0.00039625324491848117
 223,0.0003810267139778259
 1793,0.001950052974652255
 1885,0.00015641892678747496
 1876,0.00024819604777432113
 1536,0.004999948936968296
 984,0.0015131373950503502
 1123,0.0009419359748827994
 963,0.0015303873556879262
 1292,0.0015020638882337425
 429,0.00021516067996999323
 1647,0.0006279977145566529
 14,0.0009665407387457168
 651,0.00011480192879168789
 1525,0.0001683709057835654
 1880,0.0006158625604379819
 99,0.002904270073095177
 1730,0.0003912004196177968
 1472,0.0014988753585359787
 1592,4.7926115354022004e-05
 332,0.0015761028546759624
 247,0.00037790649357161046
 2017,0.0003674066661526343
 766,0.00023413340207043278
 124,0.00012487127772240332
 1348,0.00014850770511451664
 530,0.0001164588387414832
 212,0.0015279703989309274
 424,0.0015652596727782934
 408,0.0029670413117202123
 804,0.0006922745826284884
 216,0.002859149582501927
 1803,0.0004174239554885781
 349,0.0002211686205882788
 1376,0.0015528873571614631
 973,0.0003749011672467545
 1332,5.1153178498300325e-05
 1031,0.001954503644225332
 1190,0.0003639490803371256
 398,0.0003940000553091689
 1313,0.00039465351363125576
 1609,0.00013257463348667134
 0,0.00756084390863169
 1060,0.0003715766404730957
 374,0.0006697687898378432
 744,0.00010934046250578947
 1971,0.0006927239888360781
 1148,0.00015547728687602286
 1799,0.0009569248358194031
 1283,0.0015284454846860843
 1452,0.00024102707520233163
 947,0.0001107602957084077
 972,0.0015411499394016467
 43,0.0015384014933034448
 394,0.0015310653070438312
 1661,0.00023619677773023567
 20,0.002990171945251332
 1468,0.0003923043011592582
 57,0.0006779698033688262
 1502,0.00023889338447773804
 1583,0.00011934881897974188
 1396,0.00022224775484297577
 1859,0.0006999995781435117
 1126,0.0009459811675073265
 1362,4.79611175096169e-05
 1563,0.0015430047711449027
 317,0.00015190511773275562
 936,0.00012242957367864006
 177,0.00017314775363630258
 299,4.8520530491933425e-05
 1718,0.00011415474204227422
 129,0.00038611069938958466
 1260,0.00022868213415271012
 251,0.00011811436442523802
 306,0.0001610896946609879
 824,5.184248648580276e-05
 1986,0.0003783515209784599
 616,0.00023455746773438354
 1837,5.1593996606373604e-05
 1599,0.0006319490313433739
 1539,0.0028994976040431805
 608,0.000934708156878926
 276,0.00011650299400314164
 2036,0.00021266417029115804
 1108,0.0001507003542723036
 1565,0.0006958718663127758
 414,0.0015342867483729655
 922,0.00015567190338118287
 1935,0.0006969839404491706
 1164,0.0006380620631794262
 173,0.00037871575244906926
 2020,4.875859600056798e-05
 1179,0.00022379728529848842
 889,0.0003797105877269339
 1706,0.0002248611643764128
 874,0.000677438781965503
 1331,0.0006950022647360831
 1139,0.00017023328036422567
 1216,0.0018954942191911097
 1285,0.0007005945300376428
 368,0.001498936463994051
 1393,0.0004101383090646056
 925,5.0760837951971064e-05
 1345,0.0009821774926899183
 995,0.00011007511226869933
 105,0.0006458431920949071
 285,5.1987156412196206e-05
 24,0.004938774378595132
 1242,0.00042485268982061207
 484,0.00010838495168360524
 899,0.0003913410497473783
 1308,4.8284583757850626e-05
 819,0.0015676733807476462
 831,0.0006541182214835645
 1079,0.0009650929942196702
 514,0.0009858150048403613
 837,5.319423639949146e-05
 1614,0.00021719628555800453
 965,0.0006207471550392574
 1945,0.00035076629107876035
 510,0.0006712708597433967
 1430,0.0001622929043534353
 76,5.1822767757307815e-05
 1788,0.0006263387140826332
 1147,0.00038266427245338186
 509,0.0002220544096025468
 1033,0.00038081370650955667
 1277,0.00037333177681111014
 669,0.00024025431574781764
 75,0.0006938067108823493
 625,0.00011926810779448391
 1533,5.151125139754596e-05
 1182,0.0002245675869745224
 1342,5.0293379785200455e-05
 1107,0.0003606712513545874
 1350,0.0004223948830902555
 525,0.0009667172467910412
 1537,0.0019757023226195125
 1991,0.0003676453249181433
 1921,0.0009723615209452646
 1523,0.0002337339141912823
 1195,0.0001624009053549198
 36,0.0015084973635330014
 783,0.0015470290867775132
 561,0.0009627864679923086
 1421,0.0009478775554821242
 167,0.0003827366215417423
 485,0.0006751362672846261
 1871,0.0002450754883641774
 612,0.00015732471703351148
 1224,0.0001568140923665399
 2006,0.00022460993421523
 116,0.0015403209900460202
 1956,0.00022866097465751997
 1701,0.00021458544680435696
 1369,0.00039877916318809464
 335,0.0006110917016546443
 907,0.00017021333563311188
 1492,0.0002314254669416604
 2014,0.00012000741886140763
 1003,0.00023858853519523234
 1261,5.146480785937161e-05
 254,0.00012500577753094837
 1703,0.00012877256317937562
 992,0.00038693832097982527
 1443,0.00023100750334841864
 703,0.00021410971129167086
 621,0.0003901837185865581
 1938,0.0002235267319133937
 179,4.9010419418625224e-05
 1465,4.904615608273139e-05
 1160,0.00011597940243591336
 519,0.0009782495106735937
 723,0.00022753327809009693
 1549,0.0009569800087087306
 1758,0.0006029112543619771
 1601,0.00039767618565710863
 402,0.0006559601710775459
 1048,0.00195417300239395
 1584,0.002921017997165298
 709,0.00011012771437823743
 423,0.00022448244048786943
 737,0.00037518765381647836
 1085,0.0009457747423653315
 425,0.0003714677919617905
 579,0.0006273898240125924
 1064,0.0009674529135657359
 1410,0.0009675476651636902
 1674,0.00011698545309373864
 107,0.000360740210403665
 1470,0.00014507916063553065
 1740,0.0015485692663746709
 1824,0.0007128605961732846
 1575,0.00023176003556854528
 269,0.0003972715279680519
 1519,0.00011426237578950308
 291,0.0006494688391078605
 1036,0.001956393167370582
 780,0.0029267526723670625
 204,0.002864476435977971
 1196,0.00037834428889465654
 1027,0.0019200848296400215
 1868,0.0006785322956368245
 557,5.3043153648788056e-05
 1043,0.00041128510285332173
 40,0.0029490284792426974
 1267,0.00036147087687041755
 1541,0.0015209962406163894
 219,0.0015121605834813392
 85,0.0006858959129643014
 467,0.0006336908900275306
 1284,0.00010324005856606552
 493,0.0003621094190196601
 1202,5.314697360182377e-05
 782,0.000409876795784265
 775,0.0009478967939550541
 1095,5.0091333443945644e-05
 1154,0.00011708777577942445
 1817,0.0009943522537675432
 610,0.0003798880845337158
 62,0.00039937917189082265
 1436,0.00016765018343204235
 50,0.0009663343701043765
 1771,0.000210390640446149
 444,0.00151622967588281
 1700,5.041694671705848e-05
 1926,0.0015242716118204476
 751,0.00024294157163696497
 1829,0.00016510138239727003
 960,0.0029087191323995953
 1065,0.0009853713051988977
 1006,0.00022214170311407887
 240,0.0029088325857142593
 169,0.00022630876765082262
 10,0.002907819698477214
 27,0.0028597353530396673
 385,0.0019687455947569534
 1646,0.0001172197330585074
 1709,0.00011849020678039099
 792,0.0029554342692211465
 56,0.00011578639619941268
 704,0.0009767672442475173
 1889,0.0009140482687280921
 791,0.0006656183082432578
 322,0.0003624570675481111
 305,0.0003793174279211113
 264,0.00023989186404783173
 1049,0.0019529932122228813
 209,0.00022095631937819353
 893,0.0002216450906094762
 4,0.000965749136322856
 1093,0.00014560020967329683
 1589,0.0006929772530208305
 1257,0.00037146118138518905
 1086,0.00040904660341423496
 1052,0.000399017850203931
 23,0.001592671219665404
 1215,0.00017399492445307403
 1151,0.0004209277023389875
 272,0.0006733162964453281
 719,0.00012171950170053049
 1125,0.00035960344548116043
 121,0.0009935963315081337
 1089,0.00011362889044885741
 483,0.001528546055851474
 1542,0.002934459700673887
 1185,0.0009237407865421971
 1140,0.0003700001309549575
 237,0.0002354064465721058
 1347,0.00039626420604549557
 1375,0.00017193510833451807
 1303,0.00021711571562438333
 762,4.991897819674268e-05
 640,0.002884840175947125
 1221,0.0003897372504130135
 61,0.000983304539499812
 1839,0.0001752780543216134
 1440,0.0006738712741262496
 786,0.0006602149811310594
 956,0.0001133467261792191
 2040,0.0006454313305723744
 1866,0.00023009880331866441
 95,0.0006490906802258643
 1403,0.0002201091485614221
 313,0.00011772970796794978
 903,0.00041448897247884026
 917,0.000158150587103456
 396,0.002918884984448561
 932,5.25050696636258e-05
 1399,0.00015780940789996963
 477,0.0001224583607622165
 1124,0.0003925121388176211
 624,0.0006327835742638169
 187,0.0006495404254373824
 378,0.00022003792948615595
 884,0.0006308637385173132
 53,0.001546296160284572
 342,4.959881723680968e-05
 417,0.00016131374800725355
 310,0.00012272303807922102
 256,0.0009338899143973677
 432,0.002934135980172707
 1984,0.0009894663596512092
 44,0.00010271042142878291
 1269,0.00012156596117134706
 453,4.6498739313999534e-05
 480,0.002847957791564677
 1021,0.00012185544227577073
 1594,0.0006241195378674584
 1917,5.2089648599846156e-05
 676,0.00022827764596561749
 1983,0.0002253929485385745
 1819,0.00039055667940832064
 1340,0.0006574102603807632
 2019,0.0006446152633660226
 672,0.00039775915686855517
 74,0.0001213145332578728
 51,0.0029001086021232503
 1380,5.118092031976456e-05
 98,0.0009390983990017873
 1210,0.00015933882412240435
 1142,0.00015540609605108407
 777,0.0006621249857636431
 249,0.00022011960118254405
 330,0.0006751253626582664
 765,0.0001509863040858077
 1246,0.0003748950651760455
 679,0.00015893453368760323
 674,0.00016020071335972862
 321,0.0009333567177188382
 553,0.00037257766257265155
 1875,0.00011648875583815389
 1553,0.00023982095572616652
 108,0.002931697468415935
 571,0.0001522874576632006
 746,0.0002321401437231291
 578,0.0001223218834307565
 343,0.00023580618870420252
 1959,0.0001628029922641871
 1030,0.0019368897911210753
 1099,0.00012608773681838098
 1899,0.00016392735529298206
 876,0.0015320471189207844
 798,0.0014906075894814518
 1842,0.0004048862907057294
 1722,4.750716299932277e-05
 708,0.00016433076996763514
 1965,0.0001615087317666692
 490,0.0006394488717493646
 1870,5.1793924173076666e-05
 515,0.0009758812574809578
 504,0.001522786407360326
 145,0.0003819762639809378
 35,0.00011108825375869113
 1891,0.0003689301215559967
 1725,0.0001514445808961874
 1384,0.00012277374741682622
 536,0.0009371441261062358
 812,4.7285030675317374e-05
 1762,0.00016310484701199298
 1776,0.0015578776644877073
 1749,0.0001119261584680896
 136,0.0006838684999712235
 861,0.00011809450444510629
 1973,0.00022843254251051404
 1084,0.0009456756967176189
 655,0.00065896979145216
 1129,0.00012254610627898628
 268,0.000415099094798762
 671,0.00012369501884225417
 1994,0.00010708091657282194
 546,5.211866168604144e-05
 2045,0.00015084194491301518
 371,0.0006551814225536323
 96,0.004946127176047231
 1420,0.0009777291396436843
 1616,0.0015127978543658506
 1695,0.00014759877908214356
 892,4.928696187311954e-05
 259,0.0004028143551967375
 757,4.9330778130849716e-05
 685,0.00015657698736903545
 94,0.00011735606913833063
 474,0.00023692413890868751
 1157,0.00022617833588941692
 951,0.00016162712888862096
 1112,0.00022188897568554622
 1481,0.000177761766602156
 1733,0.0006959930319668084
 1318,0.00011900930654556957
 808,0.0015466787262176358
 715,0.00015435275434526376
 691,0.0006619874349197435
 1073,0.0018755840947283216
 1426,0.00012142273201164881
 1181,0.00015923740544719395
 6,0.0049606958698650595
 126,0.0015617673955607906
 774,0.0028458559672093417
 202,0.0015203612015077391
 181,0.0001304157999707303
 615,0.0003949435032415718
 1067,0.0004173819190014714
 1264,0.0009741414328203708
 462,0.00021901964643658526
 411,0.0015463122064705106
 507,0.0006734610511227036
 1804,0.0009538502396918687
 516,0.0003717742797632829
 452,0.0002197775179685823
 1456,0.0009468001162470686
 1230,0.0004228883033078669
 581,0.00022148338573568669
 1982,5.072515778851961e-05
 375,0.0001124320088297379
 290,0.0001234123178163961
 805,0.00011857258473496301
 1658,0.0001226675826866199
 1258,0.00016931472097022395
 560,0.0009559857384374131
 1198,0.00015423698450375617
 1566,0.0015120017883912674
 198,0.0029165518464128294
 1773,0.00014922811671243876
 1755,0.0006838567195847159
 246,0.001551826331366602
 1501,0.0001493741709048727
 1782,0.0006686879888138322
 481,0.0009323251287650825
 207,0.0015509438193903073
 937,0.0001550863870963888
 1130,0.0003922664739709276
 688,0.0015417754298996504
 710,0.0003830844678224848
 1517,0.00038857616195865484
 1712,0.00038842968401131057
 22,0.00040237365008997364
 420,0.0007175264202395101
 1512,0.00022029921676387768
 30,0.0028551488841429867
 1290,0.0006717204919536052
 1028,0.0009235022690283249
 959,5.3221300213099136e-05
 1611,0.000228568144081826
 1131,0.00039041681203757784
 1120,0.001969363344665261
 25,0.001964656585874696
 987,0.0006678775434226245
 1413,0.000375422555288449
 278,0.00022798692184679013
 1620,4.799578066128352e-05
 435,0.0015087359375475283
 502,4.655351669874409e-05
 964,0.00012398399144078544
 205,0.0009524477804405748
 1451,0.00011339585349849233
 54,0.002920352786707031
 1307,0.0007014868448775302
 716,0.0004090718592068918
 1657,0.000344899997601841
 373,0.00022581862447118461
 397,0.000959674948686919
 160,0.0029025603632835523
 886,4.821977750689445e-05
 363,0.00022761376327273605
 1593,0.0002281330607902061
 353,0.00042585704545879593
 1914,0.00017249887186724752
 1953,0.00040128013641865215
 1925,0.000644179954071784
 1034,0.0009498158386923918
 1794,0.0009925338084459225
 690,0.00011536368655117501
 617,4.6067356815263376e-05
 15,0.002903219612922747
 2009,0.00040512249169275845
 1714,0.00016288449445861104
 1745,0.00016003734171662505
 1679,0.00011823321355242748
 1087,0.00041013025772130895
 1158,0.0006474068759644255
 1834,0.00015957833039773408
 1670,0.00037118339591629104
 120,0.002923992135128752
 336,0.00012026034404223179
 512,0.001964462703878047
 391,0.0009791836642482963
 1199,0.00012835539059529986
 196,0.00037702468785349975
 901,0.00012344299767190543
 1638,0.0015603144529745105
 1383,0.00011514966207112098
 642,0.0003781365359872757
 1217,0.0019420756754636094
 1508,0.00015410064842393296
 1514,0.00010788167210174639
 389,0.0014941049235075515
 694,0.0007139514825641619
 1008,0.0015271220981010617
 599,0.00015855160050028374
 1019,4.9668171790470276e-05
 946,0.000165465105361987
 1146,0.000396741156322258
 1560,0.002843366011606453
 438,0.0015326738806835192
 1474,0.0001240734884778513
 1668,0.00015834509060730657
 1912,0.00035826022716633343
 1798,0.0009565607738507579
 943,0.00023504597239503488
 263,0.0003826795276301545
 1648,0.00010621467678508476
 788,0.0015372825543375024
 781,0.0009694969942519542
 1394,0.00015876141568156162
 1344,0.000943023075729811
 1077,0.00039606165119834835
 933,0.0002258109403821436
 1300,0.0006566347041438408
 1676,0.00038868447371374025
 1014,0.0006549451650659485
 404,0.0015490414705964374
 52,0.0003632169448533505
 1469,0.000386018292568801
 1667,0.0003918257688641638
 58,0.001505783241582538
 713,4.948253888940968e-05
 331,0.00012407125670199013
 87,0.0003925318857964434
 2034,0.00015897987546301066
 1135,0.0003534186295632948
 908,0.0003882673011296645
 1291,0.00013256477412242388
 809,0.00038795832729936474
 643,0.0014914665689350585
 1172,0.00021907244629841484
 981,0.00011976599156381764
 63,0.0015436628060200212
 130,0.00016351990082151698
 1074,0.0009600238402297737
 1540,0.0003625000927966753
 1499,0.00022218416335609593
 664,0.00150701162231666
 1781,0.0002375256166284381
 1800,0.00015959064754046158
 1752,0.0015199407801360172
 1121,0.001995197845278014
 288,0.0015004255104986931
 1578,0.00011090595439625863
 274,5.160526848698891e-05
 1351,0.00038484841826263446
 461,0.00015089304975520336
 858,0.00021703743396727802
 810,0.00011349899544367149
 1090,5.145831028407958e-05
 1018,0.00021867456868792368
 238,0.000655319538404079
 518,0.0009513149988142275
 1862,0.0006713531246966593
 1544,0.00010496680332508649
 1045,0.0009877421856719778
 1665,0.0009371733934453773
 1883,0.0002302033577802114
 1377,0.0003924133474228549
 298,0.00022576585285968238
 1068,0.00015619995850013352
 1812,0.0003807931120209137
 2010,0.00016615401784490644
 568,0.00021881310829328072
 773,0.0015093786607452196
 1023,0.00023496528946010425
 698,0.00021736287773842672
 262,0.00037230846520326996
 132,0.00022772450455597413
 1205,0.00014888868902924852
 1596,0.001516497799739752
 1840,0.0009354871879061131
 1943,0.00022442139153045168
 1690,0.0001583938224219968
 548,0.00012038145319560977
 1577,0.00039624448731700063
 1619,0.0006687308445604323
 1995,0.0001520552964729836
 1029,0.0009920154149389278
 161,0.000933249535976847
 866,0.0003852066324135169
 1836,0.0002445740168032694
 611,0.0003863749529516788
 48,0.004970789570577956
 1167,0.00023321080287961907
 526,0.00036834313625418006
 748,0.0006442711461284912
 1874,0.0001749782335973772
 1805,0.0009536449163126405
 1520,0.000714067845662544
 1754,0.00012938652754381785
 1629,0.00011979624766441662
 521,0.00011880661044678556
 60,0.0029402372033719244
 1702,0.0006078450892838352
 1568,0.0001204106357837692
 1960,0.0006529004346222011
 1385,0.0001594018223524097
 1397,5.388916620213787e-05
 1321,0.00011750294259025788
 1358,0.00016014421270501528
 100,0.0003965524723858429
 1082,0.0003862711894992978
 1144,0.0009821860525391073
 934,0.0006293586458267326
 1580,4.916065465950792e-05
 1442,5.108582971788205e-05
 29,0.0015708923642983005
 1388,0.0006369457797442553
 119,0.0006490859341708685
 106,0.001507698274773391
 475,5.044234376135211e-05
 661,0.00012031870921855064
 1652,0.0006828524769478413
 1225,0.00012064875779305846
 311,0.00017083489933561306
 1554,0.0006626808957053673
 403,0.00011426819535693855
 885,0.00012373584056528454
 449,0.00041756582863256323
 1252,0.00012294932320134786
 1506,0.00038728255121866617
 1901,0.0003944869497011609
 233,0.0003715594077734082
 261,0.00011007499926738991
 340,0.0005989854476208592
 2005,0.00015797266654176377
 503,0.00021206820138524202
 401,0.0002353191248102464
 1013,0.00020958016680461383
 1294,0.00012638055146143274
 1557,0.00038474993762146917
 996,0.0002283220837305495
 183,0.00023352028521581123
 1653,0.00011062537214495231
 554,0.0001557084593047824
 1415,0.0009748204576887154
 37,0.0003636632152746036
 1958,0.00011043855273014273
 466,0.00012839253977577387
 1715,0.00012089490289531702
 1346,0.0003911244262372074
 1873,0.00042148327327678353
 1116,0.00040273262699969467
 896,0.0009363537384474512
 211,0.00012057937498907051
 2032,0.0003700616319176129
 1518,0.0001578400595051516
 1570,0.00022318894274919016
 769,0.0019058705361788826
 1791,0.00021813306641315128
 1572,0.0006604949701254913
 1105,0.0009300124439663571
 1750,5.28541024581173e-05
 1630,5.075049833215853e-05
 13,0.0018851692330481438
 197,0.0015275157099121218
 706,0.00037256704044956544
 596,0.00023483762623077953
 1463,0.0004161889641778545
 577,0.0004040827101440693
 534,0.0001516441412086348
 1538,0.000959652772179944
 974,0.00011654901378640564
 1037,0.0019163585549610237
 1590,0.0015302569804271752
 376,0.00012204454996709618
 1892,0.0001447544796232206
 660,0.0005825086419423804
 103,0.0009533130314668545
 1666,0.0003607379221271491
 605,0.000160814056216969
 1476,5.185158309121161e-05
 86,0.001515587461191011
 1187,0.00038830535432061395
 543,0.0003727655272495733
 92,0.0015541370386424123
 1271,0.00036111893429220833
 1650,0.00023837792900478847
 1439,0.00040373429885677965
 1558,0.0001114411568480305
 586,0.00020889924916433632
 1235,0.00015350047021924076
 1352,0.00021000355446070806
 1162,0.00022802825207571292
 772,0.0003839413850021943
 589,0.0001068672875973509
 1787,4.9696054863571294e-05
 598,0.00011801345425592004
 1931,0.00013209725945499855
 1304,0.0015693556312410804
 1524,0.0001231595621375361
 789,0.00040869437833275214
 1916,0.0002233709596083491
 879,0.0006511751023795479
 282,0.0001512944021559594
 644,0.00012901031793440925
 2031,0.00020974520521703144
 1159,0.0001262503457026459
 541,0.00011729951198296259
 1822,0.0003975221931226875
 34,0.0006604249375639741
 731,0.00013252316139022752
 413,0.0006434027028152203
 799,0.0003869644242823028
 350,0.0006952406692486459
 619,0.00015537742196881707
 1689,0.0003784259323407173
 1717,4.823692545559995e-05
 1337,0.0001546369243881444
 1047,0.0003856931313009259
 983,0.0002169164095648821
 855,0.00012175054881029546
 813,0.00022308944509624002
 26,0.0009702019529208123
 1529,0.0003805490009422248
 513,0.0019156729195160776
 1911,5.084739695499186e-05
 1275,0.00015399962525330555
 388,0.00037748432067959256
 768,0.004898561619621262
 1784,0.00012057561769553208
 970,0.0006990664133302665
 395,0.0003682685836402859
 850,0.000122288576294803
 670,0.0006722904140576985
 59,0.00037849650165845423
 944,0.0003802161555853087
 877,0.00037865775452700605
 1731,0.0015190367414102768
 1177,0.00011612393111067002
 283,0.0001072050485112271
 487,0.00037346093730778476
 739,0.0006844805150630781
 1699,0.0006330061303427327
 1094,0.00021571325637308942
 102,0.00291513661801357
 479,0.0002331188763144005
 1856,0.0015547819653656373
 409,0.0009732813516039973
 856,0.00012043106077044807
 1832,0.00037921821277143476
 244,0.00011103070784186563
 999,0.0001589751576583421
 1974,0.000664725004641913
 1664,0.000958667259510107
 1622,0.0006282729009954341
 326,0.0015531463279123416
 501,0.0001265195430720275
 370,0.00011256868391348941
 1774,0.00022928154959856367
 1339,4.8625847712319045e-05
 759,0.00014509628033390878
 1136,0.00022029526171804775
 1548,0.00282170631612014
 827,0.00011862693836479721
 1893,0.00012204514322397068
 555,0.0001216847537978818
 894,0.000681509541136288
 1173,5.1159252318682e-05
 830,0.00012963634518863278
 195,0.0028879818948524586
 163,0.0015675276655591406
 83,0.0015595748029036585
 1809,5.309948480153723e-05
 258,0.00035174892221520696
 1066,0.00038933440074490755
 1237,0.0003945904306502683
 727,4.85777091545033e-05
 1843,0.00040908016480313466
 1686,0.00022549111842613888
 635,0.00010147845290308645
 818,0.0003790783171503646
 1092,0.00011684643323281652
 2038,0.00011512223100325766
 971,0.00011986212742781235
 347,0.0006630547605376054
 1615,5.197594103223561e-05
 159,0.00023249943138645108
 641,0.0009334492092906039
 1244,0.0001648698144639275
 558,0.00012023455149335515
 168,4.98942591603056e-05
 1263,0.0001593162521108464
 869,0.0006152565909161817
 1768,0.0006363057403276629
 170,0.0006329669188883616
 732,0.0002148776964408616
 11,0.0009497840570741156
 779,0.0003919295888171995
 1697,0.00036161526429353744
 950,0.00012183165550013642
 1841,0.0009306966951452627
 1141,0.00042416349483441907
 1760,0.0004025048163598906
 1662,0.000675673136505712
 872,5.528461937224731e-05
 1152,0.001533396637058612
 1678,0.0001719609573840494
 1579,0.0006775300870235198
 1054,0.0009510807753501135
 1688,0.00039899940274016715
 584,0.00012659660996505644
 743,0.00012097052902165079
 1656,0.0015282752199631056
 1192,0.0002342673933730854
 1044,0.0009340105150448533
 1115,0.00016655361872536635
 656,0.00011893613819771583
 1050,0.0009679435935015938
 427,0.0006883398487839258
 1395,0.00012124882299644122
 834,0.0001560948390320394
 1110,0.00035756425210157485
 556,0.00023243369287469213
 1849,4.654538060446537e-05
 64,0.0001144775867833061
 127,0.0003848442654645131
 1896,0.00022465132094480752
 1232,0.00021720719018436418
 1747,4.980665489517261e-05
 166,0.0015145215763398443
 1770,4.6489953462191614e-05
 154,0.00022341019931304752
 257,0.000976093389189079
 1835,0.00011357253104578087
 97,0.0019232288368218713
 967,0.0003684161916007244
 1735,0.000387281110451971
 125,0.0006899160475484632
 1355,0.00015709713239632625
 1330,0.00010936549229582746
 1586,0.00040104190140805344
 1354,0.00012364382924908392
 897,0.0009883090284903892
 2030,4.611001480957193e-05
 123,0.0015621563460678372
 1359,0.00012435426848144915
 1150,0.00040393493268166665
 1853,0.00040412556589066936
 1061,0.000370828854307965
 1516,0.00038263215183117734
 1250,5.136050765077083e-05
 1005,0.0001703031999244334
 1464,0.00021826657746023883
 998,0.0001193330270467495
 1764,0.00022310611278938044
 232,0.0015346221927599985
 900,0.00016743406842776394
 562,0.00040546078936285444
 190,0.0006782388029859162
 1009,0.0003808180005593149
 806,5.1824434526621855e-05
 531,0.0001523803447395493
 923,0.00011423333445298044
 627,0.00022714740686873234
 1000,0.0006614751717337852
 1274,0.00011404015871451562
 582,0.0006204015122840488
 665,0.0004017633865184151
 1989,0.00012083122665745512
 700,0.0007069181963144665
 184,0.0015503617213951234
 2013,4.955808026476138e-05
 754,0.00016307526891925055
 71,0.0002111513370108817
 221,0.0007076779888687238
 295,0.00010715360466511062
 1288,5.0021442134065275e-05
 821,0.0006518466126608157
 1336,0.00012146909079884107
 890,0.00012071537206496547
 695,0.00013515143059585413
 415,0.00037424694616582907
 1944,0.0015497946243237658
 795,0.001550659988351355
 437,0.00063667683662782
 320,0.0028941619647153286
 938,0.00020876429735055359
 1705,0.00016407103645791802
 182,5.188319520752371e-05
 162,0.0003545368905213807
 292,4.9144184718659e-05
 1422,0.00039929679393625067
 218,0.00038332815514626335
 1551,0.0015390571834013927
 1528,0.0003768496488251979
 572,0.0003754134869333675
 1262,0.00012119065557241387
 1816,0.0009799223538080183
 1777,0.0003594954162293486
 1165,0.00011008898317943146
 369,0.00038065064562005406
 1325,0.00016111350968694957
 1414,0.0009483498444548728
 785,0.0002153249556235722
 472,0.00011892780435114561
 201,0.000639624984290106
 319,4.8424535879575505e-05
 1692,0.0002202161608014491
 756,0.00022042744499974954
 1405,0.00015350578128078382
 542,0.0003743137299397002
 1932,0.0014839558239027081
 697,0.0001717285419408862
 683,0.0002338406721783631
 324,0.00011682473698140661
 1633,0.0009370299382830602
 1561,0.000908827297478981
 1588,0.00011074978658663103
 953,0.00011104059545644046
 1860,4.8251898129098974e-05
 1546,0.001487430868420523
 1343,0.0002251841786194088
 1535,0.00015277325029242568
 250,0.0006753664792022554
 2012,0.00021951905572359623
 333,0.00035085143756541327
 508,5.1357145861815386e-05
 1424,0.000229411162100476
 280,0.00037252565371998793
 1617,0.0003899972099253494
 1890,0.00037808664590916385
 459,0.00021729931450187426
 1001,0.00011615246394130025
 1408,0.0019705513274312636
 1797,0.00042773752849929183
 742,0.0006868937427768659
 497,0.00016122614374212055
 1137,5.026555321275415e-05
 149,0.00022960470509319645
 1946,0.00011650935032679689
 1240,0.0009377208000385673
 1022,5.0297645584631316e-05
 171,0.00011283440649260613
 919,5.4223537076731266e-05
 576,0.0015133748673021104
 1122,0.000930894588688396
 492,0.0015367469563811475
 382,4.9989914768735247e-05
 157,0.00011512101623918133
 1992,0.00022267865708614686
 1437,0.00012004030224245078
 734,0.0001211850902579246
 69,0.0001063659290377523
 1729,0.000992747380920739
 741,0.00021972228857860003
 128,0.0004111527783199832
 228,0.0006556445866706447
 880,0.0001113596829039339
 1281,0.0009590945174610491
 1259,0.0001191243983792206
 1863,0.0001182212071633009
 312,0.0006829652522546491
 2021,0.0002455455173107375
 2008,0.00041317883529734794
 846,0.00022851542897097847
 910,0.00016675769909019084
 1677,0.0004100769776039143
 761,0.00012701629682826694
 1055,0.0009569890488134848
 1273,5.137810760471403e-05
 1459,0.00037983116012409217
 1429,0.0003899948086475241
 1183,4.877113914591433e-05
 841,0.00011338362110674691
 1315,0.00010560746424888076
 1928,5.3076686787360406e-05
 771,0.0028967357390394842
 302,5.187469185898935e-05
 1188,0.00016018958273075008
 1964,0.0001137907365742837
 500,0.0006607154074298552
 1636,0.0001031496010178695
 1934,0.00012656852913966394
 1909,0.00017072226528044206
 1511,0.0004016157503076492
 1861,0.00023190035494452578
 1985,0.0009602131456733907
 2041,0.00011209896572053027
 91,0.00013164491521336377
 357,4.975571955494856e-05
 924,0.00023574237121470383
 213,0.0003816277114420114
 1855,0.00012907597169518613
 1200,0.0006575422741605008
 301,0.00011235293616346662
 1813,0.00039025406190167615
 222,0.0015121719966135912
 961,0.000949541867017687
 1496,0.0006405754948043481
 2044,0.00011905795360927773
 1598,0.00011213730141475325
 2003,0.00020693322413260448
 1547,0.00037469296233413597
 1298,0.0002257756839736025
 1567,0.00037673345522877994
 1226,0.0003906381251020899
 1119,0.00011989540631343848
 648,5.025490283934069e-05
 470,0.0006328834391710227
 1505,0.0009624051733239758
 1757,0.0002268697061508164
 726,0.00023402311279243238
 760,0.0006936248917754819
 47,0.0003676703264578539
 1184,0.0009238407079500576
 753,0.0004169922904865684
 1929,0.00024916090945486044
 1039,0.0009773110347988056
 486,0.0015142840475874297
 1419,0.00045265793326976526
 735,0.0001639402939429114
 1004,0.00010977370952613116
 620,0.00038928564067988996
 1713,0.0004203949576656957
 1293,0.000377471127776717
 358,0.00011709992342018782
 42,0.00036923440583195525
 1209,0.0004243919834820797
 234,0.00012196293477136281
 476,0.0006179564182010027
 1091,0.00023078113347530974
 1063,0.0001155253349243098
 1194,0.0001125554627602865
 1711,0.0002157167311633543
 842,5.080578422279551e-05
 473,0.0001549697132444058
 482,0.0003731570485364092
 1477,0.00023224616720169864
 1010,0.00011027535058900333
 705,0.0009261888186592882
 1509,0.00012475740065282862
 1640,5.2096343927429685e-05
 1203,0.0002320159270337419
 143,4.7683134288427394e-05
 701,0.00011293938470906347
 1902,0.0001544171368413096
 245,0.0006671695902190667
 1462,0.00040278726313280243
 1333,0.00021766671000914757
 199,0.0009544966354321163
 2004,0.00010575456370342688
 341,0.00011953414112720154
 188,5.427726919936363e-05
 1582,0.0006157497568808468
 1096,0.0003497832644377307
 1206,0.00021681597965112918
 1473,0.00037581718411129416
 21,0.0009620138497894314
 1466,0.00012035605615131614
 817,0.0009660529685935768
 1310,0.0006657787136019889
 636,0.00024100746947514613
 1530,0.00014168143726369075
 448,0.0003960224397439773
 1886,0.0002365416859769331
 1446,0.00022801310990024974
 1543,0.000979193693114508
 265,5.124547231777452e-05
 191,0.00011919200141258508
 826,0.0006362591272875244
 1521,0.00012678744092635067
 1109,0.00011706023171025171
 66,0.00022010293348940363
 2037,4.956005778767635e-05
 1175,0.00015415873109697823
 1455,0.00017278792921676084
 1128,0.00015511661494666042
 300,0.0006856718878683631
 1364,0.0001224186125516257
 1955,0.00013259740325052082
 1555,0.00011431754867883064
 1218,0.0009832755546639441
 982,5.0158258469453566e-05
 1734,0.0015238364155275182
 1111,0.000379359859912801
 1948,5.0582521885695844e-05
 1368,0.0003828439445353702
 1255,5.184960556829664e-05
 699,4.7149090100077144e-05
 2042,4.762349784737749e-05
 729,0.0003950783420540452
 802,0.00022410510086536657
 422,4.9737328591839375e-05
 1180,0.00012181696532991095
 81,0.0009698027475449353
 2025,0.000165457025768363
 1585,0.0009397653327300233
 1507,0.0004237956755722354
 1249,0.00010804275546833406
 275,0.00022693694192992524
 730,0.0001532469800318695
 1802,0.0003984260340961364
 323,0.001547163162831148
 623,0.00011088239362324317
 1268,0.0001499633032315684
 1432,0.0009580383507224932
 433,0.0009446577526719765
 309,5.050480523513768e-05
 1478,0.0006516659518173699
 1864,0.0001168348505986003
 790,0.00011603375606574757
 68,0.000639165577466632
 689,0.00040392157027682697
 279,5.037510798224327e-05
 976,0.00011154647406841612
 457,0.00011449111869010994
 1532,0.0002231569916289498
 1831,5.3161211766811526e-05
 1412,0.00040914129851153447
 1739,0.00011426443806340012
 151,0.00011358507419112723
 314,4.866452241047031e-05
 667,0.000685782459649637
 1727,4.987103739121843e-05
 1904,0.000648539205585535
 1488,0.0003670455422180341
 1980,0.0006166730340795171
 440,5.058777644658418e-05
 1017,0.00015978803257770256
 442,0.0006722550446478479
 1389,0.00011332909797494856
 547,0.00021333486131293246
 1818,0.00036850334386061967
 148,5.062034907402641e-05
 1828,0.00011484416303108608
 441,0.00022700491221754537
 1884,0.0001295462548946924
 1852,0.00038200872360707067
 39,0.0006885978872740016
 1453,5.234311053689008e-05
 361,0.00011234008226451933
 1103,0.0001593617916385453
 1987,0.0004114399428975636
 1631,0.00022529466564970069
 1838,0.00011858218984626426
 1098,0.0001543253515277278
 2015,0.00015919110316065638
 2018,0.00011891995076014046
 1072,0.0019413843617028647
 968,5.263651843681633e-05
 494,0.00011356425369986537
 652,0.0015344429161825931
 871,0.00039978801062832823
 647,0.00041100251482877314
 1626,0.0002359917651046084
 1531,0.0001190193919124359
 865,0.0009503780484571167
 1878,0.0001254588845314218
 891,0.0006476840116757943
 1212,0.00020878415733068532
 957,0.00015321915345942316
 978,0.00021140711547476887
 1053,0.00040004774413804535
 294,0.0006450123782176752
 606,0.0002294752338429209
 1427,0.00015336348438188833
 559,0.0001503888661628691
 1448,0.00036843283104353745
 1591,0.00038643001283969697
 117,0.00042271591981033656
 916,0.00011104223397542714
 1865,0.00016460389413251928
 1100,0.00023485581944159722
 1425,5.038895064264803e-05
 1449,0.0003972566682958623
 1504,0.0009554846623810881
 1467,0.0001520058866504368
 564,0.00016114774908370584
 1869,0.0001133356520508953
 260,0.0001645003849330845
 1102,0.000129308358888022
 1372,0.0002219518891645695
 1907,0.00022063613016793317
 1801,0.00013242510450397257
 273,0.0001268854413119509
 843,0.0002301285226630436
 567,0.0004135788599327182
 1176,0.0006736404124510911
 1070,0.0004062993438297821
 844,0.0001199094749764621
 478,5.2468852743954564e-05
 911,0.00011077396886684833
 820,0.00011143587403681481
 829,0.00037439528863477886
 991,0.00011887890303449124
 77,0.00023354003219463353
 325,0.0006609797739932588
 680,0.0006411048211880298
 1032,0.00037541410844056937
 1381,0.00022857619542512265
 1360,0.0006789219806523823
 1949,0.00023837795725511582
 450,0.00015145034396296816
 1404,0.00011958603697855573
 1947,0.0006642635920451967
 489,0.00023871814769714468
 1020,0.0006459011900169704
 926,0.00011944724312025247
 1309,0.00023677876272411015
 289,0.0004113238623024551
 1222,0.0009424446785275107
 1279,0.00012107915153033714
 686,0.00022624576942081726
 5,0.002868823878854887
 2001,0.0001228464355091149
 303,0.00021782502484365428
 1968,0.001499172975734681
 1581,0.00023395209146945774
 1814,0.00015044011225669407
 1610,4.5754682192079894e-05
 1924,0.00012272360308576816
 840,0.0006283090331641233
 345,0.00039879648063876423
 1821,0.00012286089967672152
 281,0.00038655906033506217
 1042,0.00038773379369753404
 45,0.000663497358416302
 421,0.00012026712412079739
 1480,0.00012415035761858878
 986,0.0001198787103699707
 1634,0.000382548163607946
 242,0.00034551870802127915
 725,0.00016009796691913246
 1562,0.0003529657768157676
 749,0.00010000966188315912
 147,0.0006737191743637614
 346,0.00012309226985777254
 988,5.080838325291232e-05
 1367,5.142138710622443e-05
 954,4.902824537518727e-05
 538,0.00039397660753746287
 1645,0.0003787290583532542
 495,0.0006196073673317257
 360,0.000595961080575365
 133,5.273081802953285e-05
 1848,0.00022158161212390578
 1930,0.0006364265387274399
 1228,0.0009443869732842629
 1827,0.00022179860288833227
 1823,0.0004097505733216355
 380,0.0006352123679079782
 1038,0.0009495348609365025
 28,0.0003849875793751934
 675,0.00011373217364567334
 1559,0.0006396797334245231
 111,0.0015617139741917593
 1113,4.796388604169785e-05
 329,0.0002334285281525568
 628,0.00011797421455122164
 1382,0.0006595765802334537
 7,0.0019392267147006726
 764,0.0001132643482246471
 979,4.8333287322213506e-05
 1366,0.00023064505164843273
 1356,0.00038796287560206915
 93,0.00040565235483265994
 1576,0.001538659334041229
 1977,0.0001656198889055741
 552,0.0003929412330398414
 1311,0.0001267485119752532
 549,0.0001727321065699041
 1040,0.00016410117955720756
 1416,0.00015105099733545444
 1587,0.0015381414772904542
 139,0.00023248152067890696
 1035,0.000916689787337249
 1097,0.00042848729218733755
 1913,0.0003971709568026622
 1247,0.00038667384141511226
 1289,0.00024794295309153285
 1386,0.00022819255597961922
 1595,0.00012139337992152524
 381,0.0001278890906919509
 372,5.292698830269748e-05
 1016,0.00011063051370453121
 717,0.00038761333430168527
 1327,4.7135190939017664e-05
 550,0.00022475683591748465
 1759,0.00011196070861844679
 1919,0.00014759030398393656
 733,4.714126475939935e-05
 1659,0.0006353738750294761
 1857,0.0003848659334655956
 528,0.0002178068316328366
 393,0.0006773932424378041
 650,0.0006771266723488667
 164,0.00012224699181293398
 714,0.00010800571928916948
 539,0.0003851168246228501
 801,0.00016526557329986691
 1693,5.2348760602361416e-05
 941,0.00012289087327404692
 286,0.0001242526803042746
 1975,0.00011811122863890144
 1811,0.0001655222557742295
 1534,0.00011652048095577541
 1999,0.00010785466478879343
 1603,0.00011438091416309162
 379,4.8317551889875846e-05
 929,0.00042070706728233203
 1783,0.0001205621140390556
 200,0.00011648680656556628
 1316,0.00021673594647372778
 1444,0.00012164949738934069
 696,0.00011869490865241733
 1882,4.987055713565337e-05
 78,0.0006652612241054697
 464,0.0015357079940919516
 156,0.0006701783348335327
 1979,4.701617230986407e-05
 724,0.00011264148500708752
 1751,0.00023040283334167675
 1672,0.0002220578561424843
 828,0.0015225432285424399
 1522,5.065040742233389e-05
 849,0.00037405074764233705
 1134,0.00041193940868522927
 736,0.0015780670716867434
 752,0.0003811982499655355
 1808,0.0002480052733136816
 712,0.00022986393009702115
 1489,0.0004032358218305715
 1227,0.0004155487552592979
 235,0.0006937303784978316
 629,0.00015964793920434088
 1265,0.0009664177933210607
 194,0.0009381554595752768
 215,0.000685716947140497
 1691,0.00011710811601512125
 952,0.0006330104526428182
 645,0.0006528388206582362
 239,0.0001253787666030383
 1002,5.2047979366995086e-05
 1127,0.0010073961644166231
 203,0.0003582887599969637
 1256,0.00040510582399961805
 1186,0.00041847585642770324
 1833,0.00038605660001269666
 857,0.0001592745263773406
 1936,0.00011740330368567096
 853,0.00023724003406918966
 141,0.00015521704486041335
 940,0.000641895180596487
 811,0.0006375332170513097
 1765,5.121832375318477e-05
 1458,0.00039717717187468063
 1937,0.00016179507708475628
 532,0.00038940951836534887
 19,0.0004140474763629104
 146,0.00011168665219275985
 1867,4.9534378240109146e-05
 392,0.00012892480419350065
 1132,0.0009490572044015561
 2033,0.00039707386042753734
 214,0.00011479786074454852
 763,0.00022815057599316724
 1698,0.0001203459142837951
 405,0.00037975437573433676
 2002,4.807708510341598e-05
 186,0.00010882447027662012
 1719,0.00016426477720292998
 1910,0.0002211398900053571
 1623,0.00012301653073012935
 277,0.00016449741864871205
 284,0.00022523559421519791
 468,4.893609280734986e-05
 1323,0.00020923698182788518
 248,4.779127654154868e-05
 863,0.00021798283117226857
 607,5.248905172801458e-05
 383,0.00021083253206666182
 693,0.00022858455752202021
 1550,0.00038567236731031876
 681,0.00012171921919725692
 49,0.0019482696162372113
 1322,4.806516346527147e-05
 1685,0.0001496468713148465
 601,0.00011725905751418787
 1156,5.16241114553358e-05
 1743,0.0006636004156104992
 1417,0.00012412803985997701
 873,0.00022117362089622093
 1710,4.833958714521404e-05
 1707,5.094101853985183e-05
 618,0.00012821995852595205
 1174,0.0001183894943633645
 175,0.0006833605025846961
 1671,0.00040031552899105906
 898,0.00040128267894811424
 511,0.00013046263901348766
 1301,0.00012387904147465544
 1153,0.00038397082184329993
 1475,0.0006701462707119829
 1398,0.00011289472094151259
 663,0.00022217577300887102
 1602,0.00016640615201656458
 115,0.00011597745316332574
 1927,0.0003881606278935658
 270,0.00015050915605675376
 471,0.00011389096873574511
 1189,0.00012325880553754002
 498,0.00022506210895490068
 639,0.00015082835650555662
 1118,0.00015980744055259658
 1607,0.00016597587128059534
 793,0.0009544099634277861
 431,0.00012526141474319876
 1954,0.00015354072693572402
 1081,0.00010919562307743188
 155,4.935448015550195e-05
 1976,0.00013100679681903157
 1101,5.12224765513062e-05
 225,0.00016364338300239295
 356,0.0002208169887636705
 447,0.000652320540152551
 142,0.0002283310955849763
 1272,0.00020622298265253076
 82,0.0003707895581026119
 344,0.0015418676672184699
 527,0.0003918622965374359
 1400,0.0006669073424302147
 1660,5.126030373963677e-05
 1796,0.0003705944613418868
 994,0.00015259281545159872
 73,0.0003740569062137008
 1847,0.0004171393899411145
 597,4.780379143656767e-05
 1600,0.00038673811090984866
 1966,0.000229260587855665
 1373,4.748868728523152e-05
 1062,0.00015360307540820015
 455,0.00016094217145153143
 1204,0.00010141918371629218
 1012,4.996036492632018e-05
 862,5.028315316669735e-05
 1059,0.0001526456153134283
 1197,0.0003726521021852363
 638,0.000111972686757246
 46,0.0015376156256970374
 308,0.00020334136451116965
 1721,0.00011543722215328439
 1143,0.00011289912799258023
 585,0.00015597723291925361
 587,5.267468462907517e-05
 823,0.0003898937854768967
 684,0.00011382384595794569
 359,0.00015357075703370412
 1461,0.0001119217231666946
 613,0.00011788895506325925
 144,0.0015494390939539823
 750,4.825421465594222e-05
 1312,0.00037212068527733025
 70,5.4556636686593615e-05
 740,4.996141018843238e-05
 915,0.00023247906290042693
 1378,0.00011416047685872763
 140,0.00011630219067629052
 1748,0.0006572345150942774
 2026,0.00022002386082313236
 1390,4.8762127291487563e-05
 1211,0.00011799037373846966
 1487,0.00023620519632778795
 253,0.0003985513242979632
 993,0.0003927164169347371
 1990,0.0003941641897111111
 583,0.00012035413512905589
 1608,0.0006454607391631527
 367,4.958508757771435e-05
 1680,0.0006981081622263287
 1527,4.536143763527522e-05
 673,0.0003838358417791898
 662,5.0472599861951094e-05
 55,0.000925078213539916
 1491,0.00011835474646071582
 962,0.00037455301021241107
 255,0.000666748547340143
 1723,0.00023817763418382975
 454,0.00012970230970301056
 434,0.00038708897997561834
 2046,0.00021978556931187895
 905,5.189085104623736e-05
 334,0.0001229826585876287
 174,0.0001208778396975936
 906,0.00011383692585951182
 1335,0.00011251859608308606
 1639,0.0003939213498971533
 1769,0.0001245687449667409
 451,0.00010893193452188485
 1903,0.00011880782521086189
 517,0.0003874249893691984
 1933,0.00040466559914841926
 104,0.0001134680330848886
 948,0.00022921453982207367
 921,0.00040994168678620325
 1810,0.00011867829745993161
 1708,0.0006497337141771565
 445,0.000403004734152794
 653,0.0003625167604898157
 800,0.00010711702049118375
 787,0.0001101710786307299
 1454,0.00011535009814371646
 1761,0.00037426191883932806
 1254,0.00020697181407977367
 1341,0.00012898992119805776
 875,0.00010958482783742455
 1149,0.00012116876156871246
 505,0.0003794318982475605
 1696,0.001524074255033534
 1895,0.00037584622544781677
 1015,0.0001243013556183101
 430,0.0006989032676897819
 1460,0.00015801600254392888
 1365,0.00016696435023480478
 1737,0.0002026666619429106
 2027,4.528394698733591e-05
 882,0.0002261148009031918
 1854,0.0001482928331246419
 784,4.911777066258052e-05
 595,0.00010924503289997867
 412,0.0001143276057953696
 632,0.0003500262455033253
 1231,0.00037654107049948113
 1628,0.0006370627926001666
 1681,0.00012196423428642121
 796,0.00012512592617319623
 1490,0.00015945479171620343
 593,0.0004119447479970997
 575,0.00011323731266136677
 2039,0.00015504050856476157
 460,0.00011041832549575536
 1654,4.966238047336216e-05
 630,0.00020565969937536637
 1056,0.0002313368739150699
 1266,0.00041141372659377664
 33,0.000246665332036828
 1278,0.0001576662352409261
 267,0.00016295769105679214
 1349,0.00011496196689616334
 1306,0.0001225275740642403
 1370,0.00015414384317446127
 1753,0.00035825545286101017
 1888,0.0009395083112517324
 1897,5.118018581125329e-05
 1484,0.0006645900810784576
 338,0.00021747607680014486
 1606,0.00011323267960768029
 1168,0.0003603226140646789
 1683,0.000232540931117338
 668,5.1444241621055965e-05
 1786,0.00022471900872915408
 293,0.00022143205489087963
 296,0.00012319962110172783
 1851,0.00017399071515429788
 1624,0.00011396865713597591
 563,0.00042771961779174773
 1220,0.0003794265024350354
 1790,4.8762946550980905e-05
 565,0.00011232787812310126
 1941,0.00011527930282336067
 955,0.0002331180288045798
 316,0.00011785078887100042
 229,0.00011459183110713643
 1406,0.00022874942643247366
 659,4.856790629091054e-05
 622,0.00015249083176984118
 614,0.0003921973454198859
 838,0.00012179292430133044
 32,5.004785619014375e-05
 1324,0.00011803532000929409
 352,0.00038525711574850324
 1071,0.000432315720050057
 1922,0.00039441417685789014
 469,0.0002312870968382675
 153,0.00016175962292392366
 366,0.00022610660830825837
 1208,0.00038643588890778714
 2035,0.00011695401047939068
 1104,0.0009403412439035161
 1058,0.00011684400370466386
 1423,0.00034572733668880806
 1428,0.00039168369796788714
 1744,0.00011295712591464344
 1169,0.00042964809813842255
 236,4.913477735964923e-05
 1807,0.0003861118859033336
 178,0.00023821772139834887
 535,0.00011212891106752833
 439,0.0003986866998666563
 377,0.00015804250135098943
 551,5.0172835638369604e-05
 815,0.00012104191759888107
 545,0.00011755384968015458
 1357,0.00039768991531620397
 1825,0.00011243282808923124
 1651,5.238523177497886e-05
 231,0.00023453531947773592
 1967,5.235280039917342e-05
 327,0.00037787928850636595
 1846,0.00040655272101584395
 365,0.00015023371536502633
 1161,0.00015663244276163657
 1418,0.0003634158554082687
 1494,0.00012361984472115812
 1789,0.0001229698894396635
 1571,5.1282310744647605e-05
 339,4.847513221587128e-05
 592,0.0003724923748343618
 1486,5.017783594631173e-05
 520,0.00014198131448858167
 1248,0.0006296366290479221
 1766,0.00011998673962178256
 134,0.00011630487445738941
 1234,0.00012968903204915293
 600,0.0006491531134493226
 1297,0.00014891188254800833
 152,0.00011418358562650537
 1407,5.477919276550936e-05
 721,0.0001174705394647798
 1952,0.00038296183315142954
 446,0.00011847170281597238
 1649,0.00015513455390453188
 1881,0.00012511897659266648
 410,0.00038600724669080456
 1806,0.0003961885799191618
 758,0.00011212687704395865
 1526,0.0002432372678134071
 2043,0.00022667695416726192
 112,4.920884971797838e-05
 1391,0.00023554504267811759
 931,0.0006668654471947449
 150,0.000665875583974495
 1981,0.00011805458673255133
 355,0.00011718283813097961
 1669,0.00011196748869701239
 1741,0.0003905537413742756
 456,0.0006882254632084588
 895,0.00010491696974762935
 2022,0.0006712295860151286
 208,5.170567015041447e-05
 1775,5.033021821207354e-05
 574,0.00016100062137883235
 1597,0.00037823151358784877
 1574,4.817087619024008e-05
 594,0.00016432206886680929
 533,0.00036475133313339995
 362,5.247001100737619e-05
 1201,0.00012433017095221392
 825,0.00023041520698505896
 1872,0.00039887671156845715
 1988,0.00016488515439168217
 1906,4.9805948636988693e-05
 407,0.0006503127046363313
 637,4.9784139384269354e-05
 1993,5.100805656666917e-05
 185,0.00042608855689148375
 847,4.874961239646856e-05
 1046,0.0003972427408844755
 122,0.0003978309409503684
 1374,0.0001194934324054806
 1305,0.00039149286700659294
 1276,0.00038261878942633766
 958,0.00023576615799033814
 1479,0.00011816106221635858
 463,5.133816164183172e-05
 488,5.0306177183493025e-05
 868,0.00011939351099762011
 1251,0.00022824128779430947
 328,5.273384081456001e-05
 767,4.9466153699542816e-05
 776,0.00010448318597106787
 271,0.00012525084912076736
 1687,4.9219782594665406e-05
 88,5.3265003469519884e-05
 38,0.00011913470974870577
 1894,0.00038650106241299895
 626,4.803202583128211e-05
 110,0.0004124406824938458
 428,5.2574254715322255e-05
 633,0.0004190534343705101
 1780,4.909565065626026e-05
 318,0.000224166997332605
 523,0.00040462489042669827
 1844,0.00015207772723290478
 1317,4.902906463468062e-05
 1076,0.00041612743496487165
 1655,0.00023349401241136954
 1997,0.00039375885401419776
 465,0.0003992498983928386
 1763,0.00011802885068432942
 499,4.875255043051365e-05
 1950,0.000650546108840952
 1371,0.00012312707426107594
 1643,0.00012609471464923808
 522,0.00039130005852238374
 1361,0.00011798280265073807
 1117,0.000370107340947276
 1075,0.0009753954366014054
 1287,0.0003682245131296095
 176,0.00011795071027886091
 1353,4.931964750187119e-05
 1961,0.00010715942423254609
 1500,0.00012245158068365091
 738,0.00011263945098351784
 1329,0.0003730440472269826
 913,0.00012076432988227454
 297,0.00016312900104188292
 84,0.0001241749919040438
 2007,4.8536633178526724e-05
 692,5.3078438307656516e-05
 1908,0.00010303015863380556
 135,0.000165501859037878
 1510,0.00040103596883930853
 1900,0.00038881176968880935
 1513,5.132358447291568e-05
 1746,0.00022140338080861262
 1612,0.00012053589773526862
 1145,0.0009257201457284414
 677,5.248085913308115e-05
 1820,0.00016855809245263062
 1675,0.0001610175998255737
 835,0.00011993416576257182
 386,0.0009530685813842374
 1379,0.0006790935448904192
 1493,5.255789777578275e-05
 1296,0.00011002163439901319
 1302,5.1680273106120834e-05
 883,4.956223306288281e-05
 1483,5.160747201252273e-05
 1939,4.609871467862926e-05
 1996,0.00039719310505930983
 131,0.00011373776721048996
 570,0.00011976729107887604
 687,5.305869132883422e-05
 1641,0.00021104573728722252
 266,0.00010907383591619734
 722,5.417034171031868e-05
 1485,0.00011408196919900348
 569,5.3046317685452e-05
 1915,0.0001222329796505651
 1972,5.395140167330459e-05
 287,0.0001629568717972988
 1471,0.00011331624407600127
 406,0.00011295644790678689
 16,0.00011055598934096436
 1497,0.00011926675177877079
 658,0.00023335369303538903
 603,0.00021985966992053545
 682,4.9662860728927226e-05
 1083,0.0003878000407151854
 2023,0.00011931957989092773
 1569,0.00015409042180542984
 1957,4.8841341209395626e-05
 1193,4.8060728163876476e-05
 89,0.00021684623575172817
 496,0.00010851399917897045
 1299,4.970323044671989e-05
 491,0.00011280338763316852
 1978,0.00023490107646602257
 851,0.000647024027528088
 544,0.0006725552326263398
 902,0.0004182981336183025
 566,0.0004027486449353059
 426,0.00011708447049112373
 1007,5.0272022537718825e-05
 79,0.00010450666199310125
 506,0.00011306653943249577
 1170,0.0001580621353285023
 942,5.1445060880549306e-05
 1887,5.0377904764651575e-05
 1069,0.0001155715524598653
 602,4.879611243529762e-05
 803,5.007234922396197e-05
 1716,0.00021690640894899785
 220,0.00011009675201945453
 416,0.00011616432907879004
 836,0.00023189131483977168
 1732,0.00010924150160905909
 1772,0.00011948427929941705
 1573,0.00012632597182897967
 1106,0.00039952700585388004
 649,0.00023416540969132787
 678,0.00012083153741105604
 1605,5.159388360506418e-05
 540,0.00015469896210701958
 458,5.254337710752143e-05
 1171,0.0001237445416661104
 1724,0.00010838526243720616
 1088,0.0006889068893546287
 1951,0.00011680462274832868
 1498,5.3367495657169834e-05
 881,0.00015400459731092033
 634,0.00015690661218863294
 1552,5.175796150635164e-05
 666,0.00011293983671430117
 1238,0.00016456485218011238
 1245,0.00012150033566089754
 419,4.89519694913243e-05
 839,0.00016141398016871497
 977,0.00015304606370370895
 1178,4.88187409475103e-05
 436,0.00011204904739209105
 657,0.00015379026207726536
 1495,0.00015460293924433432
 224,0.00011177846575666899
 1447,5.1569644824192164e-05
 1684,0.00012264597118619207
 930,0.00011196113237335714
 2029,0.00011078848953510964
 348,4.831596987154387e-05
 351,0.00011023362485549754
 859,4.973701783823845e-05
 8,0.00039384979181795885
 1314,0.00015579066775739026
 1815,0.00012155081899588389
 1401,0.00011678945232253814
 65,0.00015253806631718153
 1682,5.248133938864621e-05
 137,0.00013086204214165606
 1627,4.730152886649366e-05
 939,4.966692877606658e-05
 1114,0.00011395679199848613
 1742,0.0001139123542335541
 887,0.000215260940381782
 878,0.00011321019234710439
 1326,0.0002298390698089473
 702,5.0298860348707646e-05
 1239,0.00012492000953709354
 1564,0.00012712856362918231
 654,0.00012176653849557932
 315,0.0002217984616366955
 158,4.897513475975676e-05
 1057,5.133400884371028e-05
 1163,4.709696824610411e-05
 1704,0.00011664780518117187
 1726,0.00021373742847776483
 1942,5.365960404203767e-05
 1905,0.00011351837516823816
 1233,4.628030778287786e-05
 1850,0.00012467985350423462
 1898,0.00011720611640072149
 997,4.7424220038203626e-05
 914,4.896968244657692e-05
 1213,5.005596403409511e-05
 2024,0.00012689482042063332
 1673,5.049836416050036e-05
 1767,0.0001648573560695632
 230,5.3842892165927666e-05
 1387,5.036632213043535e-05
 604,0.00011639007744469709
 1736,4.712660283950124e-05
 1877,5.031253350714827e-05
 590,4.9367786059686936e-05
 138,5.216764775367789e-05
 1845,0.00012037317584969427
 1858,0.00012808432870431273
 845,0.00016694437725336362
 852,5.07039135423474e-05
 227,5.293806243102129e-05
