1096.0,1.0562864635368645e-08
127.0,0.0006304868272205191
5011.0,1.0562864635368645e-08
8202.0,1.0562864635368645e-08
167.0,0.0005955976853298965
100.0,0.0038323129183580984
1203.0,1.0562864635368645e-08
989.0,8.450291708294916e-08
32.0,0.35227959505526113
169.0,0.0005764577746106085
140.0,0.005139192782504448
172.0,0.00015501003852403487
142.0,0.0038093598135054423
216.0,0.00012869794271733157
194.0,0.00028078206773736935
163.0,6.020832842160128e-05
125.0,0.0002756379526599448
180.0,0.0002662370031344667
151.0,3.633625434566814e-06
165.0,0.0004619351962339416
170.0,0.00013453920686069042
211.0,4.559988663088644e-05
144.0,0.0010895277985443696
210.0,7.082400738014677e-05
192.0,0.0003473598035340979
205.0,0.00022971061722536193
229.0,0.00017499497841415234
155.0,2.969221249002126e-05
136.0,4.7923716850667546e-05
206.0,0.00031884006901860255
121.0,7.374992088414388e-05
176.0,0.00012671212416588226
148.0,9.397780666087484e-05
161.0,0.0001010654888312072
215.0,0.00011220931102152111
190.0,0.00024853364200558883
168.0,0.000374126102520122
203.0,0.00023149574134873922
147.0,0.0009531295275078544
193.0,0.000634469027188053
244.0,0.0001177442520904543
208.0,0.0002054688428871909
102.0,0.0012915214589665242
178.0,0.0001863923093557151
207.0,0.00026115626524485436
213.0,5.4768453134386426e-05
209.0,9.841420980772967e-05
181.0,0.00010461461134869106
260.0,4.6973059033484365e-05
245.0,5.618387699552582e-05
195.0,0.00030883703620890844
255.0,2.949151806194926e-05
138.0,2.0460268798709067e-05
174.0,6.020832842160128e-05
188.0,0.00016538277159596689
185.0,7.791168955047913e-05
197.0,8.278117014738408e-05
179.0,0.0003198435411589626
156.0,6.696856178823721e-06
134.0,5.000460118383517e-05
247.0,0.00012258204409345313
231.0,0.00011213537096907354
182.0,8.278117014738408e-05
235.0,3.4720136056456736e-05
126.0,0.00029132380664346726
376.0,1.4671818978527048e-05
120.0,9.52030989585776e-05
416.0,2.379813402348556e-05
362.0,1.340427522228281e-05
201.0,0.00010581877791712309
238.0,3.652638590910478e-05
470.0,1.2717689020983849e-05
429.0,8.34466306194123e-06
153.0,5.650076293458688e-05
217.0,6.743332783219343e-05
375.0,1.4164801476029353e-05
443.0,1.8622330352154922e-05
456.0,7.732016913089849e-06
166.0,0.0005381673903073971
150.0,2.480160616384558e-05
186.0,3.3706101051461346e-05
601.0,1.5421782367638222e-06
262.0,7.01057325849417e-05
242.0,6.870087158843767e-05
222.0,5.164184520231731e-05
445.0,1.1724779745259197e-05
526.0,2.6935304820190044e-06
246.0,0.00012824373953801072
232.0,7.504915323429422e-05
251.0,2.7885962637373224e-05
221.0,0.00011367754920583736
196.0,7.94327420579722e-05
183.0,2.3724193971037978e-05
228.0,0.00017184724475281248
198.0,6.588058673079424e-05
189.0,0.00013386318352402683
154.0,3.380116683317967e-05
234.0,7.759480361141807e-05
152.0,2.8202848576434284e-05
130.0,1.7956869880126696e-07
122.0,9.728398329174523e-06
592.0,2.7780333991019536e-06
230.0,8.983716372381033e-05
220.0,0.00010787853652101998
589.0,2.1970758441566784e-06
226.0,2.3724193971037978e-05
225.0,2.574170111639339e-05
218.0,6.820441695057534e-05
457.0,1.2686000427077743e-05
223.0,2.315379928072807e-05
494.0,8.397477385118072e-06
430.0,1.4059172829675668e-05
263.0,2.089334624875918e-05
275.0,1.7650546805701005e-05
259.0,9.693540875877805e-05
471.0,7.161622222779942e-06
453.0,1.1249450836667606e-05
408.0,8.207345821681437e-06
403.0,1.4185927205300091e-05
481.0,8.439728843659547e-06
508.0,4.647660439562204e-06
346.0,4.784977679821996e-06
241.0,4.828285424827008e-05
419.0,4.594846116385361e-06
239.0,3.461450741010305e-05
538.0,3.6441882992021827e-06
162.0,4.4786546053963054e-05
171.0,0.00013011336657847098
660.0,6.126461488513814e-07
577.0,2.7885962637373222e-06
391.0,1.3435963816188917e-05
431.0,8.281285874129018e-06
418.0,1.403804710040493e-05
204.0,0.00012878244563441452
364.0,1.6890020551954465e-05
202.0,0.0001571226114511086
432.0,6.834173419083513e-06
337.0,1.6414691643362875e-05
486.0,4.3096487712304076e-06
455.0,1.3552155327177973e-05
428.0,1.1048756408595603e-05
377.0,2.0164508588918744e-05
350.0,1.5706979712793177e-05
383.0,5.545503933568539e-06
393.0,3.485745329671653e-06
390.0,1.0457235989014959e-05
374.0,1.4471124550455044e-05
324.0,7.80595696553743e-06
264.0,1.4566190332173361e-05
384.0,6.39053310439803e-06
378.0,9.812901246257472e-06
252.0,3.56074166858277e-05
184.0,2.216089000500342e-05
515.0,1.6161182892114027e-06
404.0,1.2210671518486154e-05
458.0,1.6699888988517827e-05
353.0,4.024451426075454e-06
387.0,1.2622623239265531e-05
349.0,8.270723009493648e-06
200.0,6.1718818064459e-05
405.0,8.7249261888145e-06
434.0,3.7709426748266065e-06
160.0,0.00011223043675079185
571.0,3.242799443058174e-06
557.0,5.355372370131903e-06
535.0,3.908259915086399e-06
236.0,4.3223242087928496e-05
758.0,3.27448803696428e-07
278.0,7.658076860642268e-06
554.0,4.225145854147458e-06
669.0,3.063230744256907e-07
250.0,2.205526135864973e-05
379.0,4.647660439562204e-06
638.0,2.0175071453554114e-06
692.0,8.34466306194123e-07
243.0,0.00013797213786718524
654.0,5.809575549452755e-07
214.0,6.634535277475045e-05
479.0,5.291995182319691e-06
637.0,7.499633891111738e-07
572.0,2.556213241759212e-06
427.0,1.1027630679324865e-05
257.0,7.453157286716116e-05
261.0,0.0001450281314436115
694.0,3.5913739760253393e-07
266.0,1.5400656638367485e-05
621.0,1.785124123377301e-06
254.0,2.851973451549534e-05
248.0,4.795540544457365e-05
240.0,2.6322658671338663e-05
693.0,4.436403146854831e-07
619.0,1.489363913586979e-06
426.0,1.2981760636868065e-05
199.0,2.7442322322687742e-05
270.0,1.9741994003503998e-05
528.0,1.8907527697309876e-06
525.0,2.640716158842161e-06
478.0,4.922294920081788e-06
249.0,5.566629662839276e-05
484.0,9.474889577925675e-06
417.0,9.337572337665883e-06
331.0,1.2231797247756892e-05
323.0,1.076355906344065e-05
444.0,8.239034415587544e-06
334.0,4.996234972529369e-06
442.0,1.278106620879606e-05
407.0,2.8730991808202714e-06
341.0,6.834173419083513e-06
467.0,1.083749911588823e-05
325.0,3.82375699800345e-06
258.0,3.6114434188325396e-05
472.0,7.40456810939342e-06
473.0,3.5279967882131276e-06
340.0,2.5773389710299493e-06
268.0,1.646750596653972e-05
436.0,4.8694805969049455e-06
496.0,5.820138414088124e-06
464.0,4.552594657843886e-06
475.0,5.14411507742453e-06
267.0,2.2520027402605953e-05
514.0,1.816812717283407e-06
507.0,5.429312422579483e-06
451.0,6.263778728773607e-06
333.0,7.298939463039734e-06
440.0,1.2960634907597328e-05
381.0,5.841264143358861e-06
212.0,4.363519380870787e-05
420.0,4.024451426075454e-06
389.0,1.7048463521484992e-05
237.0,2.0481394527979804e-05
400.0,8.524231760742496e-06
895.0,2.0069442807200426e-07
414.0,1.0034721403600213e-05
253.0,2.7738082532478062e-05
799.0,1.7111840709297206e-06
720.0,4.647660439562204e-07
921.0,2.323830219781102e-07
289.0,1.0108661456047794e-05
715.0,9.82346411089284e-07
713.0,4.5420317932085176e-07
773.0,7.710891183819111e-07
145.0,6.616578407594919e-05
747.0,3.1688593906105934e-07
748.0,2.4294588661347885e-07
274.0,3.967411957044463e-05
396.0,4.035014290710823e-06
826.0,1.0985379220783392e-06
290.0,1.2316300164839841e-05
838.0,5.915204195806442e-07
875.0,2.6407161588421615e-07
415.0,1.2717689020983849e-05
871.0,1.2675437562442375e-07
395.0,3.7709426748266065e-06
857.0,4.436403146854831e-07
830.0,3.3801166833179663e-07
372.0,9.82346411089284e-06
233.0,6.453910292210243e-05
497.0,1.0193164373130743e-05
399.0,8.56648321928397e-06
413.0,1.0636804687816226e-05
397.0,3.929385644357136e-06
287.0,1.1724779745259197e-05
540.0,2.5773389710299493e-06
759.0,2.746344805195848e-07
279.0,5.851827007994229e-06
463.0,5.2180551298721104e-06
360.0,1.1429019535468875e-05
347.0,9.284758014489039e-06
265.0,2.930138649851262e-05
485.0,5.175803671330636e-06
512.0,2.4822731893116314e-06
424.0,4.098391478523035e-06
373.0,9.35869806693662e-06
310.0,3.844882727274187e-06
363.0,8.693237594908394e-06
394.0,3.189985119881331e-06
187.0,0.0001189167300649802
370.0,1.2337425894110578e-05
421.0,4.1617686663352465e-06
388.0,1.208391714286173e-05
351.0,9.601643953550099e-06
282.0,7.2144365459567845e-06
297.0,7.013742117884781e-06
288.0,7.013742117884781e-06
352.0,4.151205801699877e-06
321.0,1.3942981318686611e-06
191.0,9.286870587416113e-05
689.0,5.809575549452755e-07
542.0,1.8696270404602503e-06
368.0,5.820138414088124e-06
561.0,2.492836053947e-06
454.0,9.643895412091574e-06
284.0,1.3435963816188917e-05
553.0,3.7709426748266065e-06
433.0,4.320211635865776e-06
269.0,3.0083038481529903e-05
597.0,2.175950114885941e-06
564.0,2.556213241759212e-06
286.0,5.53494106893317e-06
584.0,4.235708718782827e-06
548.0,3.570248246754602e-06
477.0,6.760233366635933e-06
543.0,6.62291612637614e-06
367.0,5.7990126848173865e-06
625.0,1.2569808916088687e-06
392.0,4.468091740760937e-06
300.0,7.4362567032995265e-06
460.0,6.094772894607709e-06
549.0,3.04210501498617e-06
566.0,2.1865129795213097e-06
219.0,6.053577722529771e-05
33.0,0.033083420181206365
620.0,8.978434940063349e-07
468.0,1.1724779745259197e-05
615.0,1.0245978696307587e-06
551.0,3.7709426748266065e-06
576.0,2.5139617832177374e-06
361.0,1.0943127762241916e-05
469.0,1.147127099401035e-05
611.0,3.010416421080064e-06
614.0,1.0985379220783392e-06
568.0,3.66531402847292e-06
574.0,2.1336986563444665e-06
532.0,2.9364763686324833e-06
281.0,4.742726221280522e-06
697.0,3.063230744256907e-07
272.0,3.191041406344868e-05
256.0,5.8571084403119136e-05
651.0,8.450291708294916e-07
718.0,4.5420317932085176e-07
593.0,1.700621206294352e-06
582.0,3.7498169455558692e-06
765.0,2.323830219781102e-07
663.0,6.126461488513814e-07
273.0,1.2178982924580047e-05
1893.0,1.0562864635368645e-08
1432.0,1.6900583416589832e-07
466.0,6.686293314188352e-06
295.0,4.330774500501145e-06
1804.0,2.112572927073729e-08
1394.0,3.697002622379026e-07
1386.0,3.27448803696428e-07
1300.0,1.5844296953052967e-07
356.0,6.78135909590667e-06
1504.0,1.161915109890551e-07
1434.0,1.7956869880126696e-07
1439.0,9.50657817183178e-08
1344.0,4.225145854147458e-07
1363.0,2.957602097903221e-07
1461.0,1.2675437562442375e-07
1531.0,7.394005244758052e-08
1320.0,1.6900583416589832e-07
298.0,3.961074238263242e-06
600.0,1.2041665684320255e-06
734.0,5.175803671330636e-07
271.0,4.740613648353448e-05
580.0,3.2639251723289114e-06
1325.0,6.2320901348675e-07
435.0,6.39053310439803e-06
530.0,4.763851950551259e-06
506.0,3.7075654870143946e-06
462.0,4.932857784717157e-06
490.0,3.5068710589423903e-06
358.0,5.207492265236742e-06
280.0,5.196929400601373e-06
519.0,2.4505845954055255e-06
224.0,1.70801521153911e-05
495.0,6.137024353149183e-06
483.0,6.570101803199297e-06
437.0,5.482126745756327e-06
330.0,2.5984647003006866e-06
534.0,3.1688593906105936e-06
487.0,3.4751824650362844e-06
320.0,6.1581500824199206e-06
425.0,6.591227532470035e-06
504.0,3.010416421080064e-06
529.0,1.4999267782223476e-06
598.0,1.8696270404602503e-06
489.0,3.454056735765547e-06
336.0,3.1688593906105936e-06
339.0,1.9224413636370935e-06
565.0,3.158296525975225e-06
599.0,1.5316153721284535e-06
450.0,7.4362567032995265e-06
705.0,3.3801166833179663e-07
459.0,6.0102699775247595e-06
480.0,7.668639725277636e-06
344.0,2.8625363161849028e-06
338.0,5.1546779420598986e-06
423.0,4.975109243258632e-06
355.0,5.6511325799222254e-06
524.0,4.478654605396306e-06
452.0,7.700328319183742e-06
99.0,0.0024079739994664487
124.0,0.0003839178780371088
24.0,0.09775977696638077
139.0,0.0033125566011101486
164.0,0.00033892007469043834
31.0,0.1284094814470043
146.0,0.0005328437065311713
141.0,0.0023562476513470485
26.0,0.010212114152286594
101.0,0.0008273786240237906
119.0,2.851973451549534e-06
137.0,1.1059319273230972e-05
173.0,2.3502373813695235e-05
135.0,2.3481248084424498e-05
143.0,0.0007572517657095782
175.0,6.307086473778618e-05
149.0,9.073500721781666e-06
177.0,4.443797152099589e-05
227.0,4.543088079672054e-05
133.0,1.0869187709794337e-05
511.0,5.376498099402641e-06
590.0,2.2182015734274157e-06
754.0,2.8519734515495344e-07
398.0,5.0067978371647375e-06
536.0,3.0526678796215384e-06
482.0,8.693237594908394e-06
159.0,5.556066798203907e-06
658.0,8.02777712288017e-07
604.0,1.700621206294352e-06
302.0,9.221380826676828e-06
523.0,3.2322365784228055e-06
617.0,1.2358551623381314e-06
291.0,1.1967725631872674e-05
401.0,1.1524085317187192e-05
522.0,3.4434938711301784e-06
380.0,5.630006850651488e-06
547.0,2.02807000999078e-06
406.0,3.855445591909555e-06
521.0,4.383588823677988e-06
509.0,4.953983513987895e-06
662.0,7.182747952050679e-07
276.0,1.216842005994468e-05
533.0,2.704093346654373e-06
409.0,4.531468928573149e-06
348.0,6.696856178823721e-06
498.0,3.961074238263242e-06
575.0,2.1865129795213097e-06
385.0,7.626388266736162e-06
698.0,3.802631268732712e-07
304.0,8.038339987515539e-06
299.0,5.5771925274746445e-06
322.0,2.334393084416471e-06
312.0,1.4682381843162417e-06
550.0,2.947039233267852e-06
569.0,2.5984647003006866e-06
650.0,8.133405769233857e-07
465.0,6.253215864138238e-06
447.0,5.608881121380751e-06
365.0,7.0031792532494115e-06
499.0,4.637097574926835e-06
644.0,6.654604720282246e-07
783.0,3.1688593906105934e-07
438.0,6.8552991483542505e-06
555.0,2.851973451549534e-06
488.0,3.2533623076935428e-06
474.0,3.6441882992021827e-06
491.0,3.517433923577759e-06
402.0,1.0341044478025903e-05
382.0,5.059612160341581e-06
293.0,4.415277417584094e-06
301.0,6.601790397105403e-06
545.0,2.820284857643428e-06
369.0,4.626534710291467e-06
439.0,6.369407375127293e-06
306.0,2.461147460040894e-06
359.0,8.851680564438925e-06
307.0,2.9259135039971147e-06
605.0,1.964692822178568e-06
366.0,6.327155916585819e-06
518.0,2.429458866134788e-06
411.0,4.816666273728102e-06
303.0,3.6864397577436573e-06
441.0,1.1608588234270141e-05
723.0,3.27448803696428e-07
292.0,1.8210378631375544e-05
696.0,2.6407161588421615e-07
410.0,5.165240806695268e-06
371.0,6.041958571430865e-06
449.0,4.320211635865776e-06
595.0,2.587901835665318e-06
541.0,2.6090275649360552e-06
671.0,4.858917732269577e-07
710.0,3.1688593906105934e-07
386.0,1.0404421665838116e-05
629.0,1.0668493281722332e-06
672.0,7.288376598404365e-07
501.0,2.334393084416471e-06
585.0,2.0491957392615173e-06
682.0,3.9082599150863987e-07
1393.0,2.2182015734274156e-07
774.0,3.3801166833179663e-07
1031.0,4.225145854147458e-08
861.0,2.957602097903221e-07
623.0,1.1513522452551824e-06
877.0,2.323830219781102e-07
918.0,2.112572927073729e-07
784.0,2.4294588661347885e-07
579.0,2.1336986563444665e-06
30.0,0.13318112879165644
29.0,0.11057500347940762
28.0,0.04074507785296002
27.0,0.0202025137758768
25.0,0.01518947328571256
990.0,8.450291708294916e-08
4899.0,1.0562864635368645e-08
8341.0,2.112572927073729e-08
822.0,5.703946903099069e-07
315.0,1.9224413636370935e-06
157.0,5.5877553921100136e-06
602.0,1.6900583416589833e-06
461.0,4.182894395605984e-06
673.0,7.394005244758052e-07
648.0,1.278106620879606e-06
563.0,2.6935304820190044e-06
527.0,2.112572927073729e-06
772.0,2.8519734515495344e-07
517.0,3.570248246754602e-06
612.0,1.3942981318686611e-06
639.0,9.400949525478095e-07
770.0,1.373172402597924e-07
328.0,1.214729433067394e-06
843.0,4.5420317932085176e-07
733.0,9.084063586417035e-07
852.0,4.013888561440085e-07
731.0,5.703946903099069e-07
856.0,3.802631268732712e-07
816.0,4.964546378623264e-07
820.0,5.598318256745382e-07
818.0,7.816519830172797e-07
835.0,5.387060964038009e-07
823.0,6.337718781221187e-07
727.0,5.915204195806442e-07
277.0,8.883369158345031e-06
294.0,3.5068710589423903e-06
335.0,3.844882727274187e-06
412.0,6.728544772729827e-06
558.0,2.302704490510365e-06
544.0,3.697002622379026e-06
567.0,3.454056735765547e-06
570.0,4.489217470031674e-06
546.0,2.292141625874996e-06
583.0,1.6478068831175087e-06
626.0,9.929092757246527e-07
305.0,7.668639725277636e-06
559.0,2.3977702722286823e-06
616.0,1.1302265159844451e-06
647.0,6.337718781221187e-07
624.0,1.5316153721284535e-06
691.0,2.323830219781102e-07
635.0,1.2464180269735e-06
596.0,1.7428726648358265e-06
285.0,6.24265299950287e-06
316.0,1.4682381843162417e-06
493.0,4.647660439562204e-06
659.0,6.54897607392856e-07
1347.0,3.485745329671653e-07
1392.0,2.2182015734274156e-07
1656.0,2.112572927073729e-08
1406.0,2.8519734515495344e-07
1513.0,6.337718781221188e-08
1557.0,5.281432317684323e-08
1304.0,1.7956869880126696e-07
664.0,5.281432317684323e-07
1581.0,1.0562864635368645e-08
1448.0,1.373172402597924e-07
1521.0,7.394005244758052e-08
422.0,3.4646196004009157e-06
1313.0,7.394005244758052e-07
581.0,3.369553818682598e-06
476.0,3.728691216285132e-06
613.0,1.278106620879606e-06
342.0,4.404714552948725e-06
448.0,5.9363299250771785e-06
752.0,4.013888561440085e-07
520.0,2.355518813687208e-06
531.0,2.239327302698153e-06
685.0,5.281432317684323e-07
656.0,4.013888561440085e-07
562.0,3.549122517483865e-06
607.0,1.911878499001725e-06
505.0,2.9576020979032206e-06
675.0,1.0351607342661273e-06
573.0,1.7745612587419325e-06
357.0,7.40456810939342e-06
332.0,2.4822731893116314e-06
492.0,4.996234972529369e-06
446.0,5.027923566435475e-06
608.0,1.816812717283407e-06
560.0,2.7252190759251104e-06
912.0,1.161915109890551e-07
764.0,1.2675437562442375e-07
633.0,8.767177647355976e-07
1243.0,4.5420317932085176e-07
655.0,5.809575549452755e-07
1193.0,1.0562864635368645e-08
834.0,5.598318256745382e-07
622.0,1.605555424576034e-06
987.0,2.112572927073729e-08
739.0,5.387060964038009e-07
780.0,1.6900583416589832e-07
1695.0,2.112572927073729e-08
3548.0,1.0562864635368645e-08
7612.0,1.0562864635368645e-08
10515.0,1.0562864635368645e-08
309.0,1.8696270404602503e-06
158.0,2.1336986563444665e-06
502.0,2.556213241759212e-06
578.0,3.2639251723289114e-06
313.0,1.4788010489516103e-06
690.0,4.225145854147458e-07
609.0,1.9752556868139368e-06
678.0,5.281432317684323e-07
717.0,6.971490659343306e-07
681.0,2.957602097903221e-07
827.0,1.0351607342661273e-06
900.0,1.5844296953052967e-07
998.0,3.168859390610594e-08
1029.0,5.281432317684323e-08
872.0,4.013888561440085e-07
839.0,3.697002622379026e-07
711.0,4.013888561440085e-07
674.0,3.27448803696428e-07
603.0,1.816812717283407e-06
828.0,1.01403500499539e-06
796.0,5.492689610391696e-07
1416.0,2.112572927073729e-07
283.0,4.098391478523035e-06
1324.0,2.2182015734274156e-07
1298.0,4.964546378623264e-07
1379.0,4.964546378623264e-07
1366.0,3.5913739760253393e-07
1403.0,1.6900583416589832e-07
1340.0,6.443347427574873e-07
1367.0,6.2320901348675e-07
513.0,2.2815787612396276e-06
345.0,3.094919338163013e-06
714.0,2.3449559490518394e-06
821.0,3.5913739760253393e-07
753.0,2.957602097903221e-07
792.0,2.957602097903221e-07
798.0,3.063230744256907e-07
786.0,6.971490659343306e-07
722.0,4.964546378623264e-07
819.0,6.2320901348675e-07
2332.0,6.337718781221188e-08
2322.0,1.373172402597924e-07
2354.0,1.4788010489516105e-07
2269.0,2.4294588661347885e-07
2370.0,7.394005244758052e-08
2398.0,6.337718781221188e-08
2270.0,9.50657817183178e-08
643.0,8.133405769233857e-07
587.0,1.8590641758248816e-06
516.0,2.02807000999078e-06
354.0,4.077265749252297e-06
556.0,1.996381416084674e-06
634.0,1.1407893806198138e-06
1299.0,2.6407161588421615e-07
1323.0,4.964546378623264e-07
1245.0,1.4365495904101357e-06
1232.0,1.4788010489516105e-07
1317.0,3.697002622379026e-07
1226.0,2.7885962637373222e-06
1348.0,4.647660439562204e-07
1308.0,2.6407161588421615e-07
1332.0,4.5420317932085176e-07
1236.0,9.400949525478095e-07
1404.0,1.5844296953052967e-07
510.0,2.8730991808202714e-06
4440.0,5.281432317684323e-08
4410.0,1.7956869880126696e-07
4390.0,6.337718781221188e-08
4459.0,8.450291708294916e-08
4419.0,9.50657817183178e-08
4328.0,8.450291708294916e-08
4435.0,1.0562864635368645e-07
343.0,2.799159128372691e-06
4347.0,3.168859390610594e-08
5204.0,1.0562864635368645e-08
10150.0,1.0562864635368645e-08
539.0,1.7956869880126697e-06
319.0,8.555920354648603e-07
746.0,5.387060964038009e-07
657.0,7.922148476526484e-07
645.0,7.288376598404365e-07
708.0,3.802631268732712e-07
503.0,2.5984647003006866e-06
594.0,3.063230744256907e-06
618.0,1.0562864635368646e-06
666.0,6.760233366635933e-07
649.0,1.0034721403600214e-06
860.0,2.535087512488475e-07
840.0,9.084063586417035e-07
931.0,1.901315634366356e-07
837.0,5.703946903099069e-07
537.0,1.996381416084674e-06
813.0,1.0668493281722332e-06
797.0,3.802631268732712e-07
832.0,6.443347427574873e-07
851.0,4.7532890859158906e-07
500.0,2.3660816783225767e-06
724.0,8.872806293709662e-07
308.0,1.5738668306699281e-06
296.0,2.8625363161849028e-06
707.0,3.802631268732712e-07
641.0,6.54897607392856e-07
646.0,1.161915109890551e-06
845.0,6.971490659343306e-07
661.0,6.54897607392856e-07
1311.0,8.872806293709662e-07
1477.0,8.450291708294916e-08
1449.0,1.0562864635368645e-07
1413.0,2.323830219781102e-07
1369.0,2.8519734515495344e-07
1421.0,2.323830219781102e-07
1321.0,5.703946903099069e-07
1351.0,3.1688593906105934e-07
1328.0,4.1195172077937717e-07
1285.0,2.4294588661347885e-07
1341.0,5.598318256745382e-07
961.0,9.50657817183178e-08
630.0,1.1302265159844451e-06
606.0,1.425986725774767e-06
704.0,3.697002622379026e-07
4612.0,1.0562864635368645e-08
128.0,2.6628981745764355e-05
9850.0,1.0562864635368645e-08
103.0,7.43520041683599e-05
123.0,6.337718781221187e-07
653.0,6.020832842160127e-07
922.0,1.5844296953052967e-07
829.0,4.225145854147458e-07
957.0,7.394005244758052e-08
847.0,5.175803671330636e-07
836.0,6.971490659343306e-07
925.0,7.394005244758052e-08
586.0,1.7956869880126697e-06
1326.0,4.225145854147458e-07
1572.0,2.112572927073729e-08
1372.0,2.2182015734274156e-07
1547.0,3.168859390610594e-08
1399.0,1.5844296953052967e-07
726.0,6.2320901348675e-07
891.0,2.535087512488475e-07
911.0,2.0069442807200426e-07
732.0,3.485745329671653e-07
730.0,4.964546378623264e-07
34.0,0.0004059837022603939
741.0,3.802631268732712e-07
849.0,4.647660439562204e-07
809.0,9.82346411089284e-07
2238.0,5.281432317684323e-08
2374.0,6.337718781221188e-08
2250.0,4.5420317932085176e-07
2357.0,1.0562864635368645e-07
2373.0,9.50657817183178e-08
2365.0,7.394005244758052e-08
2362.0,2.4294588661347885e-07
318.0,1.9224413636370935e-06
311.0,1.9858185514493054e-06
591.0,1.7745612587419325e-06
683.0,2.746344805195848e-07
588.0,1.668932612388246e-06
1336.0,5.703946903099069e-07
1330.0,5.175803671330636e-07
1385.0,1.7956869880126696e-07
1252.0,4.3307745005011446e-07
1259.0,1.6900583416589832e-07
1360.0,2.323830219781102e-07
1378.0,3.9082599150863987e-07
1271.0,1.4788010489516105e-07
1349.0,3.1688593906105934e-07
1249.0,5.703946903099069e-07
1240.0,2.0069442807200426e-07
4298.0,1.6900583416589832e-07
4391.0,9.50657817183178e-08
4421.0,9.50657817183178e-08
4418.0,6.337718781221188e-08
4404.0,1.0562864635368645e-07
4306.0,7.394005244758052e-08
4338.0,6.337718781221188e-08
317.0,1.6900583416589833e-06
327.0,7.288376598404365e-07
326.0,8.555920354648603e-07
712.0,5.175803671330636e-07
703.0,6.126461488513814e-07
1034.0,3.168859390610594e-08
807.0,4.858917732269577e-07
667.0,3.9082599150863987e-07
5827.0,1.0562864635368645e-08
11788.0,1.0562864635368645e-08
636.0,1.3837352672332925e-06
825.0,6.337718781221187e-07
893.0,2.112572927073729e-07
892.0,3.3801166833179663e-07
934.0,1.5844296953052967e-07
766.0,1.901315634366356e-07
778.0,1.4788010489516105e-07
1414.0,1.5844296953052967e-07
1357.0,3.5913739760253393e-07
1333.0,3.485745329671653e-07
1322.0,3.485745329671653e-07
1334.0,3.1688593906105934e-07
864.0,4.5420317932085176e-07
908.0,2.2182015734274156e-07
899.0,1.4788010489516105e-07
867.0,6.654604720282246e-07
824.0,5.809575549452755e-07
716.0,1.0562864635368646e-06
876.0,4.436403146854831e-07
1079.0,2.112572927073729e-08
848.0,3.1688593906105934e-07
2378.0,1.0562864635368645e-08
2345.0,1.5844296953052967e-07
2372.0,1.161915109890551e-07
2337.0,2.535087512488475e-07
2381.0,1.161915109890551e-07
2379.0,1.0562864635368645e-08
2262.0,1.4788010489516105e-07
627.0,6.654604720282246e-07
642.0,8.450291708294916e-07
1353.0,4.1195172077937717e-07
1352.0,7.077119305696992e-07
1307.0,1.0562864635368645e-07
1315.0,2.2182015734274156e-07
1503.0,6.337718781221188e-08
1384.0,2.957602097903221e-07
1426.0,1.7956869880126696e-07
1273.0,9.50657817183178e-08
1468.0,6.337718781221188e-08
789.0,1.373172402597924e-07
4411.0,1.901315634366356e-07
4303.0,4.225145854147458e-08
4287.0,3.168859390610594e-08
4373.0,3.168859390610594e-08
5435.0,1.0562864635368645e-08
4503.0,5.281432317684323e-08
5494.0,2.112572927073729e-08
4394.0,9.50657817183178e-08
314.0,1.848501311189513e-06
632.0,1.1302265159844451e-06
552.0,2.2287644380627843e-06
1040.0,7.394005244758052e-08
919.0,2.2182015734274156e-07
1194.0,3.168859390610594e-08
1645.0,2.112572927073729e-08
1176.0,3.168859390610594e-08
686.0,4.647660439562204e-07
640.0,7.922148476526484e-07
916.0,2.0069442807200426e-07
972.0,6.337718781221188e-08
3537.0,1.0562864635368645e-08
6962.0,1.0562864635368645e-08
2732.0,1.0562864635368645e-08
676.0,6.865862012989619e-07
665.0,1.3626095379625552e-06
684.0,5.175803671330636e-07
855.0,6.971490659343306e-07
897.0,1.901315634366356e-07
868.0,2.535087512488475e-07
814.0,4.7532890859158906e-07
1251.0,4.5420317932085176e-07
1238.0,3.1688593906105934e-07
1377.0,3.3801166833179663e-07
1345.0,2.746344805195848e-07
1356.0,2.0069442807200426e-07
865.0,4.013888561440085e-07
736.0,4.1195172077937717e-07
688.0,4.013888561440085e-07
947.0,7.394005244758052e-08
885.0,1.4788010489516105e-07
1199.0,3.168859390610594e-08
866.0,4.1195172077937717e-07
996.0,7.394005244758052e-08
738.0,3.063230744256907e-07
985.0,1.2675437562442375e-07
3853.0,1.0562864635368645e-08
8101.0,1.0562864635368645e-08
781.0,1.161915109890551e-07
628.0,1.0774121928076019e-06
1025.0,3.168859390610594e-08
761.0,2.957602097903221e-07
842.0,2.8519734515495344e-07
938.0,6.337718781221188e-08
940.0,1.161915109890551e-07
801.0,7.922148476526484e-07
737.0,6.2320901348675e-07
966.0,6.337718781221188e-08
889.0,1.4788010489516105e-07
863.0,4.3307745005011446e-07
329.0,8.661549001002289e-07
677.0,3.5913739760253393e-07
1215.0,2.112572927073729e-07
1256.0,1.2675437562442375e-07
1234.0,3.1688593906105934e-07
1358.0,4.3307745005011446e-07
1338.0,7.499633891111738e-07
1127.0,1.0562864635368645e-08
1354.0,2.6407161588421615e-07
803.0,2.957602097903221e-07
1489.0,6.337718781221188e-08
767.0,1.7956869880126696e-07
701.0,3.802631268732712e-07
2242.0,1.0562864635368645e-08
6150.0,1.0562864635368645e-08
8860.0,1.0562864635368645e-08
894.0,4.1195172077937717e-07
800.0,1.0668493281722332e-06
687.0,4.1195172077937717e-07
960.0,1.4788010489516105e-07
725.0,6.020832842160127e-07
846.0,3.3801166833179663e-07
735.0,3.802631268732712e-07
1380.0,4.3307745005011446e-07
1514.0,1.7956869880126696e-07
1595.0,4.225145854147458e-08
1365.0,3.27448803696428e-07
1362.0,2.957602097903221e-07
699.0,3.9082599150863987e-07
769.0,2.0069442807200426e-07
1280.0,7.394005244758052e-08
974.0,5.281432317684323e-08
1275.0,9.50657817183178e-08
1000.0,6.337718781221188e-08
3609.0,1.0562864635368645e-08
6580.0,1.0562864635368645e-08
1970.0,2.112572927073729e-08
909.0,2.112572927073729e-07
948.0,2.323830219781102e-07
986.0,6.337718781221188e-08
1407.0,2.535087512488475e-07
1533.0,9.50657817183178e-08
1501.0,9.50657817183178e-08
2225.0,2.112572927073729e-08
2288.0,5.281432317684323e-08
2912.0,1.0562864635368645e-08
757.0,1.901315634366356e-07
4384.0,1.0562864635368645e-07
4424.0,6.337718781221188e-08
817.0,2.957602097903221e-07
811.0,5.492689610391696e-07
862.0,3.063230744256907e-07
812.0,4.964546378623264e-07
997.0,5.281432317684323e-08
8472.0,4.225145854147458e-08
8516.0,3.168859390610594e-08
8496.0,1.0562864635368645e-08
8495.0,2.112572927073729e-08
610.0,9.189692232770722e-07
631.0,1.2041665684320255e-06
1260.0,1.5844296953052967e-07
1390.0,3.802631268732712e-07
1371.0,3.9082599150863987e-07
1248.0,2.2182015734274156e-07
1239.0,2.8519734515495344e-07
1277.0,3.168859390610594e-08
1254.0,3.3801166833179663e-07
1235.0,1.2675437562442375e-07
1331.0,2.8519734515495344e-07
1373.0,2.112572927073729e-07
1228.0,5.809575549452755e-07
1257.0,7.394005244758052e-08
1368.0,2.8519734515495344e-07
4692.0,2.112572927073729e-08
9312.0,1.0562864635368645e-08
929.0,8.450291708294916e-08
802.0,2.8519734515495344e-07
805.0,5.07017502497695e-07
1405.0,2.0069442807200426e-07
917.0,1.6900583416589832e-07
2363.0,2.0069442807200426e-07
2344.0,5.281432317684323e-08
2782.0,1.0562864635368645e-08
2384.0,1.161915109890551e-07
131.0,1.6900583416589832e-07
1342.0,3.485745329671653e-07
1286.0,3.063230744256907e-07
1312.0,5.915204195806442e-07
1339.0,5.492689610391696e-07
1241.0,2.4294588661347885e-07
1262.0,2.2182015734274156e-07
4472.0,2.112572927073729e-08
4403.0,8.450291708294916e-08
4321.0,1.5844296953052967e-07
4466.0,3.168859390610594e-08
4318.0,5.281432317684323e-08
4385.0,1.161915109890551e-07
4322.0,6.337718781221188e-08
3006.0,2.112572927073729e-08
6746.0,1.0562864635368645e-08
1671.0,1.0562864635368645e-08
11149.0,1.0562864635368645e-08
810.0,5.915204195806442e-07
788.0,3.063230744256907e-07
943.0,9.50657817183178e-08
1227.0,7.077119305696992e-07
1370.0,1.7956869880126696e-07
1327.0,2.6407161588421615e-07
1265.0,1.6900583416589832e-07
1261.0,1.4788010489516105e-07
1309.0,1.161915109890551e-07
1264.0,3.063230744256907e-07
479.492529,1.0562864635368645e-08
1867.0,1.0562864635368645e-08
3593.0,1.0562864635368645e-08
6820.0,1.0562864635368645e-08
10583.0,1.0562864635368645e-08
719.0,6.443347427574873e-07
132.0,6.865862012989619e-07
668.0,4.5420317932085176e-07
958.0,9.50657817183178e-08
927.0,1.161915109890551e-07
743.0,4.225145854147458e-07
1412.0,1.373172402597924e-07
1408.0,2.0069442807200426e-07
1258.0,2.0069442807200426e-07
749.0,2.0069442807200426e-07
751.0,2.4294588661347885e-07
791.0,2.535087512488475e-07
2417.0,7.394005244758052e-08
2408.0,5.281432317684323e-08
2445.0,2.112572927073729e-08
2338.0,1.4788010489516105e-07
2364.0,1.161915109890551e-07
2389.0,1.0562864635368645e-07
1244.0,1.373172402597924e-07
1246.0,4.225145854147458e-07
1295.0,1.901315634366356e-07
1411.0,1.901315634366356e-07
1247.0,3.697002622379026e-07
4383.0,1.2675437562442375e-07
4444.0,8.450291708294916e-08
4501.0,1.0562864635368645e-08
4502.0,4.225145854147458e-08
4529.0,1.0562864635368645e-08
5469.0,1.0562864635368645e-08
939.0,8.450291708294916e-08
1528.0,2.112572927073729e-08
5859.0,1.0562864635368645e-08
10856.0,1.0562864635368645e-08
950.0,3.168859390610594e-08
790.0,2.112572927073729e-07
841.0,5.175803671330636e-07
808.0,2.535087512488475e-07
954.0,9.50657817183178e-08
854.0,5.387060964038009e-07
874.0,2.746344805195848e-07
1117.0,2.112572927073729e-08
1400.0,9.50657817183178e-08
1478.0,1.0562864635368645e-08
1438.0,1.2675437562442375e-07
1435.0,1.0562864635368645e-07
1422.0,1.6900583416589832e-07
1440.0,2.0069442807200426e-07
1409.0,1.0562864635368645e-07
1542.0,8.450291708294916e-08
1410.0,6.337718781221188e-08
1314.0,4.1195172077937717e-07
1453.0,6.337718781221188e-08
1020.0,5.281432317684323e-08
949.0,8.450291708294916e-08
700.0,4.225145854147458e-07
702.0,5.809575549452755e-07
3857.0,1.0562864635368645e-08
6901.0,1.0562864635368645e-08
2070.0,1.0562864635368645e-08
756.0,2.8519734515495344e-07
804.0,1.5844296953052967e-07
977.0,3.168859390610594e-08
742.0,3.697002622379026e-07
763.0,3.063230744256907e-07
1700.0,1.0562864635368645e-08
1337.0,3.5913739760253393e-07
1237.0,4.436403146854831e-07
1255.0,3.063230744256907e-07
1253.0,2.0069442807200426e-07
2079.0,2.112572927073729e-08
5220.0,1.0562864635368645e-08
8173.0,1.0562864635368645e-08
880.0,5.175803671330636e-07
782.0,1.4788010489516105e-07
882.0,4.013888561440085e-07
740.0,4.5420317932085176e-07
1388.0,1.373172402597924e-07
1305.0,1.2675437562442375e-07
870.0,2.2182015734274156e-07
859.0,3.27448803696428e-07
1058.0,3.168859390610594e-08
984.0,5.281432317684323e-08
2237.0,1.901315634366356e-07
2320.0,3.168859390610594e-08
2281.0,4.225145854147458e-08
2310.0,5.281432317684323e-08
2351.0,5.281432317684323e-08
2358.0,1.0562864635368645e-07
679.0,4.5420317932085176e-07
1376.0,2.957602097903221e-07
1456.0,8.450291708294916e-08
1445.0,7.394005244758052e-08
1391.0,1.4788010489516105e-07
1267.0,8.450291708294916e-08
1488.0,1.2675437562442375e-07
4393.0,9.50657817183178e-08
4434.0,9.50657817183178e-08
4448.0,7.394005244758052e-08
4630.0,2.112572927073729e-08
5364.0,3.168859390610594e-08
5355.0,1.0562864635368645e-08
4412.0,1.7956869880126696e-07
902.0,2.0069442807200426e-07
3920.0,1.0562864635368645e-08
8642.0,1.0562864635368645e-08
962.0,9.50657817183178e-08
721.0,2.957602097903221e-07
883.0,2.323830219781102e-07
930.0,1.373172402597924e-07
775.0,2.6407161588421615e-07
750.0,3.1688593906105934e-07
1672.0,3.168859390610594e-08
1316.0,1.2675437562442375e-07
1263.0,1.2675437562442375e-07
1229.0,2.2182015734274156e-07
831.0,2.323830219781102e-07
2271.0,2.4294588661347885e-07
2428.0,5.281432317684323e-08
2287.0,5.281432317684323e-08
2335.0,2.6407161588421615e-07
2260.0,1.161915109890551e-07
4302.0,6.337718781221188e-08
4480.0,3.168859390610594e-08
4507.0,9.50657817183178e-08
4377.0,4.225145854147458e-08
5448.0,2.112572927073729e-08
815.0,2.957602097903221e-07
901.0,2.0069442807200426e-07
706.0,4.964546378623264e-07
709.0,4.013888561440085e-07
652.0,8.767177647355976e-07
1318.0,1.6900583416589832e-07
1077.0,4.225145854147458e-08
1120.0,1.0562864635368645e-08
926.0,7.394005244758052e-08
1005.0,2.112572927073729e-08
1009.0,4.225145854147458e-08
135205.0,1.0562864635368645e-08
1738047493.666011,1.0562864635368645e-08
981.0,6.337718781221188e-08
2104.0,1.0562864635368645e-08
5620.0,1.0562864635368645e-08
10038.0,1.0562864635368645e-08
793.0,3.063230744256907e-07
853.0,7.816519830172797e-07
1268.0,1.373172402597924e-07
1231.0,9.50657817183178e-08
1641.0,2.112572927073729e-08
729.0,4.436403146854831e-07
920.0,1.5844296953052967e-07
4988.0,2.112572927073729e-08
10429.0,1.0562864635368645e-08
1761.0,1.0562864635368645e-08
1622.0,3.168859390610594e-08
1424.0,7.394005244758052e-08
1509.0,2.112572927073729e-08
787.0,3.063230744256907e-07
2239.0,4.225145854147458e-08
2252.0,3.1688593906105934e-07
2255.0,5.281432317684323e-08
2422.0,5.281432317684323e-08
1418.0,1.0562864635368645e-07
1431.0,2.4294588661347885e-07
1498.0,3.168859390610594e-08
1487.0,1.6900583416589832e-07
1200.0,5.281432317684323e-08
1401.0,1.6900583416589832e-07
1446.0,1.161915109890551e-07
4357.0,6.337718781221188e-08
4397.0,8.450291708294916e-08
4317.0,1.0562864635368645e-07
4324.0,6.337718781221188e-08
1019.0,2.112572927073729e-08
1374.0,2.112572927073729e-07
1065.0,1.0562864635368645e-08
2809.0,1.0562864635368645e-08
6922.0,1.0562864635368645e-08
9923.0,1.0562864635368645e-08
906.0,1.6900583416589832e-07
1635.0,4.225145854147458e-08
1415.0,1.2675437562442375e-07
1506.0,9.50657817183178e-08
2424.0,6.337718781221188e-08
2919.0,3.168859390610594e-08
4439.0,8.450291708294916e-08
4396.0,7.394005244758052e-08
4475.0,5.281432317684323e-08
755.0,8.450291708294916e-08
795.0,2.957602097903221e-07
896.0,1.7956869880126696e-07
8402.0,1.0562864635368645e-08
8417.0,5.281432317684323e-08
8602.0,1.0562864635368645e-08
10594.0,2.112572927073729e-08
1346.0,2.4294588661347885e-07
1230.0,2.746344805195848e-07
1442.0,9.50657817183178e-08
1310.0,1.6900583416589832e-07
1224.0,5.281432317684323e-08
1464.0,4.225145854147458e-08
1490.0,5.281432317684323e-08
3487.0,1.0562864635368645e-08
6785.0,1.0562864635368645e-08
1083.0,1.0562864635368645e-08
680.0,3.3801166833179663e-07
963.0,7.394005244758052e-08
953.0,7.394005244758052e-08
1381.0,2.2182015734274156e-07
1425.0,1.901315634366356e-07
1301.0,1.161915109890551e-07
744.0,2.6407161588421615e-07
907.0,2.0069442807200426e-07
904.0,8.450291708294916e-08
873.0,2.8519734515495344e-07
2336.0,2.112572927073729e-07
2282.0,3.168859390610594e-08
2918.0,1.0562864635368645e-08
2277.0,4.225145854147458e-08
2385.0,3.168859390610594e-08
1420.0,1.373172402597924e-07
745.0,2.112572927073729e-07
4438.0,9.50657817183178e-08
4316.0,4.225145854147458e-08
4601.0,2.112572927073729e-08
4389.0,8.450291708294916e-08
4609.0,4.225145854147458e-08
5464.0,1.0562864635368645e-08
915.0,8.450291708294916e-08
670.0,4.013888561440085e-07
1564.0,2.112572927073729e-08
1119.0,2.112572927073729e-08
878.0,2.6407161588421615e-07
1590.0,1.0562864635368645e-08
4206.0,1.0562864635368645e-08
6684.0,1.0562864635368645e-08
12047.0,1.0562864635368645e-08
890.0,3.27448803696428e-07
1359.0,4.3307745005011446e-07
1465.0,5.281432317684323e-08
1463.0,3.168859390610594e-08
1001.0,5.281432317684323e-08
1172.0,1.0562864635368645e-08
-91.789428,1.0562864635368645e-08
2012.0,1.0562864635368645e-08
6009.0,1.0562864635368645e-08
9582.0,1.0562864635368645e-08
1335.0,3.9082599150863987e-07
2309.0,1.0562864635368645e-07
2359.0,4.225145854147458e-08
2265.0,2.112572927073729e-08
2361.0,4.225145854147458e-08
2347.0,6.337718781221188e-08
1389.0,2.112572927073729e-07
4358.0,4.225145854147458e-08
4426.0,4.225145854147458e-08
4430.0,9.50657817183178e-08
4325.0,1.161915109890551e-07
913.0,1.5844296953052967e-07
4928.0,2.112572927073729e-08
10102.0,1.0562864635368645e-08
2350.0,1.373172402597924e-07
728.0,4.1195172077937717e-07
4488.0,2.112572927073729e-08
5492.0,1.0562864635368645e-08
850.0,4.013888561440085e-07
888.0,1.6900583416589832e-07
8458.0,1.0562864635368645e-08
8499.0,4.225145854147458e-08
8572.0,1.0562864635368645e-08
8500.0,3.168859390610594e-08
1387.0,1.6900583416589832e-07
1397.0,6.337718781221188e-08
1242.0,2.112572927073729e-07
1266.0,1.4788010489516105e-07
1527.0,3.168859390610594e-08
1114.0,4.225145854147458e-08
1499.0,4.225145854147458e-08
1131.0,2.112572927073729e-08
3680.0,1.0562864635368645e-08
1035.0,3.168859390610594e-08
1319.0,2.0069442807200426e-07
975.0,9.50657817183178e-08
2512.0,1.0562864635368645e-08
2284.0,4.225145854147458e-08
2376.0,1.6900583416589832e-07
1568.0,4.225145854147458e-08
1480.0,8.450291708294916e-08
1443.0,1.161915109890551e-07
1459.0,1.0562864635368645e-07
4425.0,1.2675437562442375e-07
4492.0,3.168859390610594e-08
5511.0,2.112572927073729e-08
946.0,9.50657817183178e-08
905.0,2.957602097903221e-07
776.0,1.6900583416589832e-07
794.0,2.535087512488475e-07
785.0,2.2182015734274156e-07
2258.0,5.281432317684323e-08
2776.0,3.168859390610594e-08
2438.0,3.168859390610594e-08
2404.0,7.394005244758052e-08
2388.0,4.225145854147458e-08
8502.0,3.168859390610594e-08
8400.0,3.168859390610594e-08
8511.0,2.112572927073729e-08
8435.0,1.0562864635368645e-08
1361.0,2.112572927073729e-07
1382.0,1.2675437562442375e-07
1423.0,9.50657817183178e-08
4291.0,1.0562864635368645e-08
4441.0,4.225145854147458e-08
4312.0,5.281432317684323e-08
4493.0,3.168859390610594e-08
4590.0,3.168859390610594e-08
5362.0,2.112572927073729e-08
777.0,1.0562864635368645e-07
1010.0,2.112572927073729e-08
1104.0,2.112572927073729e-08
983.0,4.225145854147458e-08
903.0,1.4788010489516105e-07
4415.0,4.225145854147458e-08
9087.0,1.0562864635368645e-08
1427.0,9.50657817183178e-08
886.0,2.535087512488475e-07
2473.0,2.112572927073729e-08
2390.0,6.337718781221188e-08
2932.0,2.112572927073729e-08
1619.0,2.112572927073729e-08
1473.0,2.112572927073729e-08
4420.0,1.5844296953052967e-07
4465.0,2.112572927073729e-08
4437.0,9.50657817183178e-08
932.0,9.50657817183178e-08
881.0,3.1688593906105934e-07
937.0,7.394005244758052e-08
2391.0,5.281432317684323e-08
2251.0,1.4788010489516105e-07
2425.0,1.0562864635368645e-08
2862.0,3.168859390610594e-08
2418.0,4.225145854147458e-08
8566.0,1.0562864635368645e-08
8504.0,4.225145854147458e-08
8423.0,3.168859390610594e-08
1270.0,1.2675437562442375e-07
1419.0,1.7956869880126696e-07
1444.0,8.450291708294916e-08
1283.0,2.112572927073729e-08
1292.0,3.168859390610594e-08
1522.0,6.337718781221188e-08
1580.0,1.0562864635368645e-08
4388.0,5.281432317684323e-08
4462.0,7.394005244758052e-08
4334.0,3.168859390610594e-08
4592.0,1.0562864635368645e-08
4446.0,3.168859390610594e-08
959.0,1.0562864635368645e-07
1057.0,2.112572927073729e-08
1586.0,2.112572927073729e-08
23.0,0.006419348599123316
1758.0,1.0562864635368645e-08
5256.0,1.0562864635368645e-08
7706.0,1.0562864635368645e-08
1148.0,1.0562864635368645e-08
844.0,2.6407161588421615e-07
1615.0,5.281432317684323e-08
1567.0,3.168859390610594e-08
1481.0,6.337718781221188e-08
1302.0,6.337718781221188e-08
1540.0,5.281432317684323e-08
1551.0,5.281432317684323e-08
1452.0,1.5844296953052967e-07
1106.0,1.0562864635368645e-08
3535.0,1.0562864635368645e-08
6802.0,1.0562864635368645e-08
1685.0,2.112572927073729e-08
933.0,1.373172402597924e-07
1433.0,1.5844296953052967e-07
2323.0,1.161915109890551e-07
4457.0,4.225145854147458e-08
8552.0,2.112572927073729e-08
8599.0,1.0562864635368645e-08
1396.0,1.5844296953052967e-07
1306.0,1.0562864635368645e-07
1475.0,1.0562864635368645e-07
20804.0,1.0562864635368645e-08
21032.0,1.0562864635368645e-08
869.0,1.7956869880126696e-07
2387.0,4.225145854147458e-08
2468.0,1.0562864635368645e-08
2797.0,4.225145854147458e-08
2882.0,4.225145854147458e-08
2296.0,3.168859390610594e-08
2955.0,1.0562864635368645e-08
2360.0,9.50657817183178e-08
2399.0,8.450291708294916e-08
2395.0,1.0562864635368645e-07
2871.0,3.168859390610594e-08
2355.0,1.373172402597924e-07
2791.0,1.0562864635368645e-08
2488.0,1.0562864635368645e-08
2299.0,2.112572927073729e-08
2396.0,7.394005244758052e-08
2352.0,3.168859390610594e-08
41215.0,1.0562864635368645e-08
41233.0,2.112572927073729e-08
1297.0,2.112572927073729e-08
4323.0,8.450291708294916e-08
4423.0,7.394005244758052e-08
4408.0,1.373172402597924e-07
4349.0,7.394005244758052e-08
5421.0,3.168859390610594e-08
5367.0,4.225145854147458e-08
5340.0,4.225145854147458e-08
4330.0,3.168859390610594e-08
4308.0,9.50657817183178e-08
4447.0,6.337718781221188e-08
5414.0,2.112572927073729e-08
2627.0,1.0562864635368645e-08
7069.0,1.0562864635368645e-08
9573.0,1.0562864635368645e-08
768.0,1.7956869880126696e-07
760.0,1.2675437562442375e-07
887.0,1.7956869880126696e-07
1054.0,1.0562864635368645e-08
1343.0,1.6900583416589832e-07
2401.0,7.394005244758052e-08
2346.0,1.0562864635368645e-07
2267.0,3.168859390610594e-08
1539.0,4.225145854147458e-08
1562.0,4.225145854147458e-08
1612.0,2.112572927073729e-08
4451.0,5.281432317684323e-08
4602.0,2.112572927073729e-08
4409.0,6.337718781221188e-08
4305.0,1.2675437562442375e-07
4675.0,2.112572927073729e-08
4361.0,2.112572927073729e-08
4491.0,1.0562864635368645e-08
5787.0,1.0562864635368645e-08
10088.0,1.0562864635368645e-08
2308.0,2.112572927073729e-08
2449.0,6.337718781221188e-08
2530.0,2.112572927073729e-08
2852.0,1.0562864635368645e-08
4310.0,7.394005244758052e-08
923.0,6.337718781221188e-08
8487.0,1.0562864635368645e-08
8518.0,5.281432317684323e-08
1684.0,2.112572927073729e-08
1350.0,5.175803671330636e-07
1455.0,8.450291708294916e-08
1395.0,2.2182015734274156e-07
1364.0,2.4294588661347885e-07
1565.0,4.225145854147458e-08
1476.0,8.450291708294916e-08
3127.0,1.0562864635368645e-08
6258.0,1.0562864635368645e-08
10158.0,1.0562864635368645e-08
1511.0,4.225145854147458e-08
833.0,3.5913739760253393e-07
2285.0,3.168859390610594e-08
2254.0,4.225145854147458e-08
2371.0,7.394005244758052e-08
1402.0,2.535087512488475e-07
4399.0,5.281432317684323e-08
4314.0,6.337718781221188e-08
4450.0,5.281432317684323e-08
4332.0,4.225145854147458e-08
4436.0,7.394005244758052e-08
1911.0,1.0562864635368645e-08
3871.0,1.0562864635368645e-08
6750.0,1.0562864635368645e-08
1126.0,1.0562864635368645e-08
1462.0,1.0562864635368645e-07
1279.0,6.337718781221188e-08
806.0,2.8519734515495344e-07
2382.0,1.0562864635368645e-07
2291.0,1.0562864635368645e-08
2866.0,1.0562864635368645e-08
762.0,9.50657817183178e-08
1485.0,8.450291708294916e-08
1441.0,8.450291708294916e-08
1375.0,2.323830219781102e-07
4665.0,1.0562864635368645e-08
4372.0,4.225145854147458e-08
4344.0,4.225145854147458e-08
4626.0,2.112572927073729e-08
1162.0,1.0562864635368645e-08
1015.0,4.225145854147458e-08
5111.0,1.0562864635368645e-08
8245.0,1.0562864635368645e-08
1208.0,1.0562864635368645e-08
129.0,2.6407161588421615e-07
1046.0,1.0562864635368645e-08
2409.0,5.281432317684323e-08
2392.0,7.394005244758052e-08
2850.0,1.0562864635368645e-08
2263.0,8.450291708294916e-08
1474.0,7.394005244758052e-08
1519.0,7.394005244758052e-08
1711.0,1.0562864635368645e-08
1566.0,9.50657817183178e-08
4608.0,5.281432317684323e-08
4631.0,2.112572927073729e-08
4433.0,7.394005244758052e-08
1895.0,1.0562864635368645e-08
5462.0,3.168859390610594e-08
10096.0,1.0562864635368645e-08
2273.0,7.394005244758052e-08
4455.0,1.0562864635368645e-08
5443.0,5.281432317684323e-08
8512.0,2.112572927073729e-08
8425.0,3.168859390610594e-08
8418.0,3.168859390610594e-08
8439.0,1.0562864635368645e-08
1222.0,1.0562864635368645e-07
1293.0,5.281432317684323e-08
879.0,1.6900583416589832e-07
4852.0,2.112572927073729e-08
9607.0,1.0562864635368645e-08
976.0,2.112572927073729e-08
914.0,1.373172402597924e-07
2247.0,5.281432317684323e-08
2356.0,1.6900583416589832e-07
2341.0,1.4788010489516105e-07
2279.0,3.168859390610594e-08
2333.0,7.394005244758052e-08
695.0,1.901315634366356e-07
1398.0,1.6900583416589832e-07
1496.0,8.450291708294916e-08
1741.0,1.0562864635368645e-08
4654.0,2.112572927073729e-08
4335.0,4.225145854147458e-08
4653.0,1.0562864635368645e-08
4467.0,3.168859390610594e-08
928.0,1.161915109890551e-07
3874.0,1.0562864635368645e-08
7819.0,1.0562864635368645e-08
1691.0,3.168859390610594e-08
2349.0,1.7956869880126696e-07
2348.0,6.337718781221188e-08
4395.0,1.0562864635368645e-07
4311.0,7.394005244758052e-08
4422.0,1.161915109890551e-07
4429.0,7.394005244758052e-08
4427.0,7.394005244758052e-08
2071.0,1.0562864635368645e-08
3984.0,1.0562864635368645e-08
6948.0,1.0562864635368645e-08
10720.0,1.0562864635368645e-08
1284.0,1.5844296953052967e-07
2405.0,5.281432317684323e-08
2915.0,2.112572927073729e-08
4452.0,4.225145854147458e-08
4319.0,5.281432317684323e-08
4458.0,4.225145854147458e-08
5406.0,1.0562864635368645e-08
4077.0,1.0562864635368645e-08
8841.0,1.0562864635368645e-08
1600.0,2.112572927073729e-08
4256.0,1.0562864635368645e-08
9770.0,1.0562864635368645e-08
1329.0,1.4788010489516105e-07
9818.0,1.0562864635368645e-08
2406.0,3.168859390610594e-08
4331.0,4.225145854147458e-08
4370.0,7.394005244758052e-08
951.0,5.281432317684323e-08
8476.0,3.168859390610594e-08
8419.0,2.112572927073729e-08
1355.0,1.901315634366356e-07
1272.0,5.281432317684323e-08
1274.0,8.450291708294916e-08
2430.0,2.112572927073729e-08
5169.0,1.0562864635368645e-08
9128.0,1.0562864635368645e-08
771.0,1.5844296953052967e-07
2402.0,4.225145854147458e-08
1472.0,4.225145854147458e-08
1417.0,1.5844296953052967e-07
1930.0,2.112572927073729e-08
4569.0,2.112572927073729e-08
4428.0,3.168859390610594e-08
4549.0,1.0562864635368645e-08
4588.0,3.168859390610594e-08
5499.0,1.0562864635368645e-08
1014.0,4.225145854147458e-08
3582.0,1.0562864635368645e-08
8099.0,1.0562864635368645e-08
1061.0,2.112572927073729e-08
910.0,1.5844296953052967e-07
1495.0,4.225145854147458e-08
1561.0,6.337718781221188e-08
2400.0,7.394005244758052e-08
1663.0,1.0562864635368645e-08
4478.0,5.281432317684323e-08
4487.0,5.281432317684323e-08
4453.0,3.168859390610594e-08
858.0,1.2675437562442375e-07
2845.0,1.0562864635368645e-08
2326.0,1.0562864635368645e-08
8645.0,1.0562864635368645e-08
8598.0,1.0562864635368645e-08
1575.0,4.225145854147458e-08
1466.0,5.281432317684323e-08
1447.0,1.373172402597924e-07
1223.0,6.337718781221188e-08
4337.0,5.281432317684323e-08
4417.0,9.50657817183178e-08
4339.0,6.337718781221188e-08
4628.0,2.112572927073729e-08
3570.0,1.0562864635368645e-08
8448.0,1.0562864635368645e-08
1110.0,2.112572927073729e-08
2407.0,3.168859390610594e-08
2795.0,9.50657817183178e-08
2878.0,2.112572927073729e-08
4518.0,6.337718781221188e-08
4398.0,5.281432317684323e-08
4471.0,5.281432317684323e-08
5477.0,2.112572927073729e-08
1063.0,3.168859390610594e-08
1067.0,3.168859390610594e-08
3908.0,1.0562864635368645e-08
8620.0,1.0562864635368645e-08
1095.0,3.168859390610594e-08
2393.0,4.225145854147458e-08
924.0,4.225145854147458e-08
4456.0,4.225145854147458e-08
988.0,2.112572927073729e-08
8538.0,2.112572927073729e-08
1553.0,3.168859390610594e-08
1290.0,4.225145854147458e-08
1281.0,3.168859390610594e-08
1086.0,2.112572927073729e-08
978.0,8.450291708294916e-08
20813.0,1.0562864635368645e-08
21033.0,1.0562864635368645e-08
2869.0,4.225145854147458e-08
2881.0,2.112572927073729e-08
2353.0,7.394005244758052e-08
2416.0,5.281432317684323e-08
2324.0,7.394005244758052e-08
1591.0,4.225145854147458e-08
41390.0,1.0562864635368645e-08
1450.0,1.161915109890551e-07
41404.0,1.0562864635368645e-08
5425.0,1.0562864635368645e-08
5449.0,1.0562864635368645e-08
5416.0,2.112572927073729e-08
4414.0,1.161915109890551e-07
5368.0,1.0562864635368645e-08
4386.0,6.337718781221188e-08
1950.0,1.0562864635368645e-08
6601.0,1.0562864635368645e-08
10792.0,1.0562864635368645e-08
1287.0,7.394005244758052e-08
1430.0,1.2675437562442375e-07
3787.0,1.0562864635368645e-08
8545.0,2.112572927073729e-08
779.0,8.450291708294916e-08
5093.0,1.0562864635368645e-08
8975.0,1.0562864635368645e-08
1458.0,8.450291708294916e-08
1593.0,3.168859390610594e-08
4212.0,1.0562864635368645e-08
6722.0,1.0562864635368645e-08
969.0,1.0562864635368645e-07
1460.0,1.4788010489516105e-07
1494.0,7.394005244758052e-08
2397.0,4.225145854147458e-08
2274.0,5.281432317684323e-08
1383.0,1.373172402597924e-07
4511.0,1.0562864635368645e-08
942.0,8.450291708294916e-08
2342.0,4.225145854147458e-08
2380.0,5.281432317684323e-08
8501.0,1.0562864635368645e-08
8617.0,1.0562864635368645e-08
8473.0,1.0562864635368645e-08
1609.0,6.337718781221188e-08
1508.0,2.112572927073729e-08
4729.0,1.0562864635368645e-08
4521.0,3.168859390610594e-08
4473.0,3.168859390610594e-08
4546.0,2.112572927073729e-08
941.0,9.50657817183178e-08
4162.0,2.112572927073729e-08
9634.0,1.0562864635368645e-08
952.0,4.225145854147458e-08
5288.0,1.0562864635368645e-08
10901.0,1.0562864635368645e-08
1668.0,2.112572927073729e-08
1516.0,3.168859390610594e-08
1573.0,2.112572927073729e-08
1103.0,1.0562864635368645e-08
1068.0,1.0562864635368645e-08
2773.0,1.0562864635368645e-08
7435.0,2.112572927073729e-08
11018.0,1.0562864635368645e-08
1070.0,4.225145854147458e-08
1098.0,2.112572927073729e-08
884.0,1.6900583416589832e-07
6292.0,1.0562864635368645e-08
9897.0,1.0562864635368645e-08
1036.0,3.168859390610594e-08
2259.0,2.112572927073729e-08
2414.0,4.225145854147458e-08
1486.0,1.373172402597924e-07
4635.0,2.112572927073729e-08
4658.0,1.0562864635368645e-08
5508.0,1.0562864635368645e-08
1048.0,5.281432317684323e-08
1093.0,3.168859390610594e-08
5304.0,1.0562864635368645e-08
9574.0,1.0562864635368645e-08
1620.0,1.0562864635368645e-08
1611.0,3.168859390610594e-08
2249.0,6.337718781221188e-08
4293.0,3.168859390610594e-08
5433.0,1.0562864635368645e-08
898.0,1.2675437562442375e-07
8569.0,2.112572927073729e-08
8507.0,1.0562864635368645e-08
8553.0,3.168859390610594e-08
1225.0,7.394005244758052e-08
1835.0,1.0562864635368645e-08
1493.0,3.168859390610594e-08
5573.0,1.0562864635368645e-08
10697.0,1.0562864635368645e-08
1233.0,7.394005244758052e-08
944.0,9.50657817183178e-08
2272.0,8.450291708294916e-08
2329.0,8.450291708294916e-08
2339.0,6.337718781221188e-08
4485.0,6.337718781221188e-08
4327.0,8.450291708294916e-08
1188.0,1.0562864635368645e-08
9615.0,1.0562864635368645e-08
2248.0,2.112572927073729e-08
2256.0,5.281432317684323e-08
4299.0,8.450291708294916e-08
4313.0,5.281432317684323e-08
1213.0,8.450291708294916e-08
3890.0,1.0562864635368645e-08
6778.0,1.0562864635368645e-08
5479.0,1.0562864635368645e-08
4575.0,1.0562864635368645e-08
8551.0,2.112572927073729e-08
1012.0,4.225145854147458e-08
1178.0,2.112572927073729e-08
2240.0,4.225145854147458e-08
2319.0,3.168859390610594e-08
2253.0,6.337718781221188e-08
1688.0,3.168859390610594e-08
1644.0,1.0562864635368645e-08
4304.0,2.112572927073729e-08
4402.0,7.394005244758052e-08
4528.0,3.168859390610594e-08
4514.0,2.112572927073729e-08
4642.0,2.112572927073729e-08
1195.0,3.168859390610594e-08
4380.0,5.281432317684323e-08
7018.0,1.0562864635368645e-08
1534.0,3.168859390610594e-08
1718.0,1.0562864635368645e-08
1482.0,1.0562864635368645e-08
1013.0,3.168859390610594e-08
1175.0,3.168859390610594e-08
2784.0,2.112572927073729e-08
5988.0,1.0562864635368645e-08
8019.0,1.0562864635368645e-08
1112.0,1.0562864635368645e-08
1868.0,1.0562864635368645e-08
5957.0,1.0562864635368645e-08
10188.0,1.0562864635368645e-08
2486.0,1.0562864635368645e-08
1665.0,2.112572927073729e-08
1507.0,4.225145854147458e-08
4353.0,2.112572927073729e-08
4295.0,2.112572927073729e-08
5471.0,2.112572927073729e-08
2241.0,1.0562864635368645e-08
2403.0,8.450291708294916e-08
2377.0,1.161915109890551e-07
2880.0,1.0562864635368645e-07
8514.0,2.112572927073729e-08
8489.0,3.168859390610594e-08
8454.0,1.0562864635368645e-08
8609.0,1.0562864635368645e-08
1269.0,1.0562864635368645e-07
1303.0,1.4788010489516105e-07
1250.0,5.281432317684323e-08
5429.0,2.112572927073729e-08
5498.0,2.112572927073729e-08
4443.0,3.168859390610594e-08
1190.0,2.112572927073729e-08
3891.0,1.0562864635368645e-08
5972.0,1.0562864635368645e-08
9065.0,1.0562864635368645e-08
2366.0,6.337718781221188e-08
2383.0,1.0562864635368645e-07
4589.0,3.168859390610594e-08
5451.0,3.168859390610594e-08
4368.0,6.337718781221188e-08
1006.0,1.0562864635368645e-08
3997.0,1.0562864635368645e-08
8334.0,1.0562864635368645e-08
2508.0,1.0562864635368645e-08
2419.0,7.394005244758052e-08
4490.0,1.0562864635368645e-08
945.0,1.373172402597924e-07
8506.0,4.225145854147458e-08
8532.0,2.112572927073729e-08
10574.0,1.0562864635368645e-08
1220.0,9.50657817183178e-08
3636.0,1.0562864635368645e-08
7542.0,1.0562864635368645e-08
1428.0,1.2675437562442375e-07
1523.0,1.0562864635368645e-08
4708.0,1.0562864635368645e-08
6726.0,1.0562864635368645e-08
1135.0,3.168859390610594e-08
1128.0,1.0562864635368645e-08
1649.0,2.112572927073729e-08
1632.0,1.0562864635368645e-08
2215.0,2.112572927073729e-08
5332.0,2.112572927073729e-08
7658.0,1.0562864635368645e-08
1787.0,1.0562864635368645e-08
1451.0,9.50657817183178e-08
1587.0,4.225145854147458e-08
1588.0,2.112572927073729e-08
2375.0,6.337718781221188e-08
2794.0,1.0562864635368645e-08
1515.0,7.394005244758052e-08
4479.0,2.112572927073729e-08
4445.0,3.168859390610594e-08
4506.0,2.112572927073729e-08
4431.0,8.450291708294916e-08
4633.0,2.112572927073729e-08
1016.0,5.281432317684323e-08
35.0,2.112572927073729e-08
8991.0,1.0562864635368645e-08
6437.0,1.0562864635368645e-08
9187.0,1.0562864635368645e-08
1502.0,7.394005244758052e-08
2906.0,1.0562864635368645e-08
2290.0,1.0562864635368645e-08
2286.0,2.112572927073729e-08
2275.0,5.281432317684323e-08
4584.0,2.112572927073729e-08
4407.0,1.161915109890551e-07
4625.0,2.112572927073729e-08
5507.0,2.112572927073729e-08
-99.0,1.0562864635368645e-08
-105.0,4.225145854147458e-08
-78.0,1.0562864635368645e-08
5174.0,1.0562864635368645e-08
10623.0,1.0562864635368645e-08
956.0,8.450291708294916e-08
1578.0,1.0562864635368645e-08
935.0,1.0562864635368645e-07
2369.0,8.450291708294916e-08
2316.0,1.0562864635368645e-08
2884.0,3.168859390610594e-08
1429.0,6.337718781221188e-08
4615.0,1.0562864635368645e-08
4525.0,2.112572927073729e-08
5444.0,2.112572927073729e-08
4345.0,4.225145854147458e-08
1084.0,2.112572927073729e-08
982.0,5.281432317684323e-08
4354.0,1.0562864635368645e-08
8815.0,1.0562864635368645e-08
2903.0,2.112572927073729e-08
4509.0,1.0562864635368645e-08
5460.0,2.112572927073729e-08
4416.0,7.394005244758052e-08
967.0,2.112572927073729e-08
1601.0,2.112572927073729e-08
1076.0,4.225145854147458e-08
1872.0,1.0562864635368645e-08
5387.0,2.112572927073729e-08
7932.0,1.0562864635368645e-08
1491.0,3.168859390610594e-08
2266.0,5.281432317684323e-08
2443.0,3.168859390610594e-08
2503.0,1.0562864635368645e-08
1836.0,1.0562864635368645e-08
1636.0,1.0562864635368645e-08
1484.0,2.112572927073729e-08
1510.0,7.394005244758052e-08
4597.0,3.168859390610594e-08
4685.0,3.168859390610594e-08
4454.0,3.168859390610594e-08
1003.0,3.168859390610594e-08
994.0,4.225145854147458e-08
-89.0,1.0562864635368645e-08
5366.0,1.0562864635368645e-08
10597.0,1.0562864635368645e-08
4307.0,1.0562864635368645e-07
1051.0,4.225145854147458e-08
11040.0,1.0562864635368645e-08
3067.0,1.0562864635368645e-08
6067.0,1.0562864635368645e-08
8778.0,1.0562864635368645e-08
1676.0,3.168859390610594e-08
1467.0,8.450291708294916e-08
2261.0,6.337718781221188e-08
2492.0,1.0562864635368645e-08
2367.0,4.225145854147458e-08
2278.0,5.281432317684323e-08
1742.0,1.0562864635368645e-08
1536.0,6.337718781221188e-08
4392.0,7.394005244758052e-08
4587.0,1.0562864635368645e-08
5452.0,3.168859390610594e-08
1028.0,4.225145854147458e-08
1218.0,6.337718781221188e-08
1164.0,3.168859390610594e-08
1032.0,2.112572927073729e-08
1883.0,1.0562864635368645e-08
5296.0,1.0562864635368645e-08
8519.0,4.225145854147458e-08
1037.0,1.0562864635368645e-08
1134.0,1.0562864635368645e-08
2435.0,3.168859390610594e-08
4401.0,3.168859390610594e-08
2431.0,1.0562864635368645e-08
2774.0,2.112572927073729e-08
8484.0,2.112572927073729e-08
8505.0,1.0562864635368645e-08
8469.0,1.0562864635368645e-08
5440.0,2.112572927073729e-08
-81.0,1.0562864635368645e-08
1180.570698,1.0562864635368645e-08
1738047485.438216,1.0562864635368645e-08
4229.0,1.0562864635368645e-08
8070.0,1.0562864635368645e-08
2432.0,4.225145854147458e-08
1288.0,3.168859390610594e-08
965.0,4.225145854147458e-08
2886.0,2.112572927073729e-08
8420.0,1.0562864635368645e-08
8546.0,2.112572927073729e-08
4300.0,3.168859390610594e-08
4329.0,2.112572927073729e-08
1738047482.391971,1.0562864635368645e-08
4364.0,2.112572927073729e-08
9745.0,1.0562864635368645e-08
1638.0,1.0562864635368645e-08
1221.0,5.281432317684323e-08
5890.0,1.0562864635368645e-08
9994.0,1.0562864635368645e-08
2628.0,1.0562864635368645e-08
4149.0,1.0562864635368645e-08
8194.0,1.0562864635368645e-08
936.0,1.0562864635368645e-07
1710.0,3.168859390610594e-08
2410.0,3.168859390610594e-08
1535.0,4.225145854147458e-08
4470.0,3.168859390610594e-08
4341.0,3.168859390610594e-08
4486.0,1.0562864635368645e-08
4387.0,7.394005244758052e-08
4143.0,1.0562864635368645e-08
8527.0,2.112572927073729e-08
1064.0,1.0562864635368645e-08
2297.0,2.112572927073729e-08
1571.0,2.112572927073729e-08
1599.0,4.225145854147458e-08
1696.0,1.0562864635368645e-08
1563.0,2.112572927073729e-08
4677.0,1.0562864635368645e-08
5388.0,2.112572927073729e-08
1613.0,3.168859390610594e-08
993.0,1.0562864635368645e-08
3163.0,1.0562864635368645e-08
4231.0,1.0562864635368645e-08
7940.0,1.0562864635368645e-08
1525.0,5.281432317684323e-08
2415.0,2.112572927073729e-08
2763.0,1.0562864635368645e-08
2386.0,6.337718781221188e-08
5354.0,1.0562864635368645e-08
4519.0,2.112572927073729e-08
4374.0,2.112572927073729e-08
1278.0,7.394005244758052e-08
2489.0,1.0562864635368645e-08
4895.0,1.0562864635368645e-08
7303.0,1.0562864635368645e-08
1865.0,1.0562864635368645e-08
5654.0,1.0562864635368645e-08
8008.0,1.0562864635368645e-08
2340.0,3.168859390610594e-08
1492.0,7.394005244758052e-08
4634.0,2.112572927073729e-08
4517.0,4.225145854147458e-08
5504.0,1.0562864635368645e-08
1100.0,1.0562864635368645e-08
5791.0,1.0562864635368645e-08
11480.0,1.0562864635368645e-08
1538.0,2.112572927073729e-08
3795.0,1.0562864635368645e-08
8224.0,1.0562864635368645e-08
1559.0,6.337718781221188e-08
5359.0,2.112572927073729e-08
8493.0,2.112572927073729e-08
8513.0,1.0562864635368645e-08
1457.0,5.281432317684323e-08
3583.0,1.0562864635368645e-08
7466.0,1.0562864635368645e-08
1953.0,1.0562864635368645e-08
1105.0,1.0562864635368645e-08
970.0,5.281432317684323e-08
1965.0,1.0562864635368645e-08
1512.0,1.161915109890551e-07
1436.0,5.281432317684323e-08
3898.0,1.0562864635368645e-08
7708.0,1.0562864635368645e-08
1454.0,8.450291708294916e-08
1437.0,5.281432317684323e-08
2720.0,2.112572927073729e-08
5007.0,1.0562864635368645e-08
7369.0,1.0562864635368645e-08
1660.0,2.112572927073729e-08
2437.0,2.112572927073729e-08
1497.0,4.225145854147458e-08
4474.0,1.0562864635368645e-08
2334.0,4.225145854147458e-08
2551.0,1.0562864635368645e-08
2411.0,5.281432317684323e-08
8488.0,2.112572927073729e-08
8630.0,1.0562864635368645e-08
8526.0,1.0562864635368645e-08
4494.0,3.168859390610594e-08
4379.0,2.112572927073729e-08
4647.0,3.168859390610594e-08
1075.0,2.112572927073729e-08
1167.0,1.0562864635368645e-08
4190.0,2.112572927073729e-08
9089.0,1.0562864635368645e-08
2870.0,3.168859390610594e-08
1608.0,2.112572927073729e-08
1658.0,3.168859390610594e-08
1583.0,4.225145854147458e-08
1524.0,4.225145854147458e-08
4554.0,1.0562864635368645e-08
4952.0,1.0562864635368645e-08
9879.0,1.0562864635368645e-08
1004.0,3.168859390610594e-08
955.0,8.450291708294916e-08
1529.0,6.337718781221188e-08
1582.0,1.0562864635368645e-08
4172.0,1.0562864635368645e-08
1071.0,1.0562864635368645e-08
7171.0,1.0562864635368645e-08
2929.0,1.0562864635368645e-08
2804.0,1.0562864635368645e-08
1526.0,2.112572927073729e-08
4289.0,1.0562864635368645e-08
4526.0,1.0562864635368645e-08
4551.0,2.112572927073729e-08
4505.0,1.0562864635368645e-08
1470.0,8.450291708294916e-08
2501.0,1.0562864635368645e-08
5206.0,1.0562864635368645e-08
9600.0,1.0562864635368645e-08
1650.0,1.0562864635368645e-08
1871.0,1.0562864635368645e-08
3498.0,1.0562864635368645e-08
6757.0,1.0562864635368645e-08
10335.0,1.0562864635368645e-08
4195.0,1.0562864635368645e-08
8328.0,1.0562864635368645e-08
2311.0,1.0562864635368645e-08
8590.0,1.0562864635368645e-08
8547.0,1.0562864635368645e-08
1479.0,1.0562864635368645e-07
980.0,2.112572927073729e-08
20678.0,2.112572927073729e-08
21018.0,1.0562864635368645e-08
2798.0,2.112572927073729e-08
2276.0,4.225145854147458e-08
2465.0,2.112572927073729e-08
2283.0,2.112572927073729e-08
2865.0,1.0562864635368645e-08
2913.0,1.0562864635368645e-08
2844.0,2.112572927073729e-08
41351.0,1.0562864635368645e-08
41247.0,1.0562864635368645e-08
5404.0,2.112572927073729e-08
5351.0,1.0562864635368645e-08
4442.0,4.225145854147458e-08
5446.0,1.0562864635368645e-08
4623.0,2.112572927073729e-08
3677.0,1.0562864635368645e-08
9363.0,1.0562864635368645e-08
1569.0,2.112572927073729e-08
1042.0,3.168859390610594e-08
2780.0,1.0562864635368645e-08
1294.0,4.225145854147458e-08
4350.0,3.168859390610594e-08
4309.0,5.281432317684323e-08
104.0,5.281432317684323e-08
1204.0,2.112572927073729e-08
3870.0,1.0562864635368645e-08
8190.0,1.0562864635368645e-08
1541.0,5.281432317684323e-08
1544.0,2.112572927073729e-08
1129.0,3.168859390610594e-08
1021.0,2.112572927073729e-08
2907.0,3.168859390610594e-08
4932.0,1.0562864635368645e-08
1687.0,1.0562864635368645e-08
9158.0,2.112572927073729e-08
2264.0,7.394005244758052e-08
4504.0,2.112572927073729e-08
5516.0,1.0562864635368645e-08
2434.0,1.0562864635368645e-08
2141.0,1.0562864635368645e-08
6899.0,1.0562864635368645e-08
10981.0,1.0562864635368645e-08
999.0,5.281432317684323e-08
1056.0,2.112572927073729e-08
4376.0,3.168859390610594e-08
4524.0,1.0562864635368645e-08
4672.0,1.0562864635368645e-08
5420.0,1.0562864635368645e-08
1995.0,1.0562864635368645e-08
4985.0,1.0562864635368645e-08
6657.0,1.0562864635368645e-08
2630.0,1.0562864635368645e-08
8523.0,2.112572927073729e-08
8510.0,2.112572927073729e-08
8542.0,1.0562864635368645e-08
1197.0,1.0562864635368645e-08
4161.0,1.0562864635368645e-08
8080.0,1.0562864635368645e-08
1610.0,3.168859390610594e-08
1639.0,2.112572927073729e-08
1469.0,5.281432317684323e-08
1549.0,2.112572927073729e-08
1505.0,3.168859390610594e-08
1647.0,1.0562864635368645e-08
1023.0,1.0562864635368645e-08
1163.0,1.0562864635368645e-08
4836.0,1.0562864635368645e-08
1116.0,2.112572927073729e-08
2537.0,1.0562864635368645e-08
8525.0,1.0562864635368645e-08
8403.0,2.112572927073729e-08
8509.0,1.0562864635368645e-08
-85.0,1.0562864635368645e-08
3626.0,1.0562864635368645e-08
6270.0,1.0562864635368645e-08
10710.0,1.0562864635368645e-08
2289.0,2.112572927073729e-08
4566.0,1.0562864635368645e-08
968.0,6.337718781221188e-08
2413.0,1.0562864635368645e-08
5436.0,2.112572927073729e-08
8122.0,1.0562864635368645e-08
2511.0,2.112572927073729e-08
1043.0,3.168859390610594e-08
8672.0,1.0562864635368645e-08
20971.0,1.0562864635368645e-08
2466.0,1.0562864635368645e-08
2895.0,1.0562864635368645e-08
2343.0,7.394005244758052e-08
2453.0,1.0562864635368645e-08
41528.0,1.0562864635368645e-08
5496.0,1.0562864635368645e-08
4320.0,4.225145854147458e-08
5465.0,2.112572927073729e-08
995.0,1.0562864635368645e-08
82180.0,1.0562864635368645e-08
8687.0,1.0562864635368645e-08
8492.0,1.0562864635368645e-08
8702.0,1.0562864635368645e-08
8490.0,4.225145854147458e-08
8679.0,1.0562864635368645e-08
8404.0,1.0562864635368645e-08
8740.0,1.0562864635368645e-08
10580.0,1.0562864635368645e-08
8534.0,1.0562864635368645e-08
1598.0,3.168859390610594e-08
156125.0,1.0562864635368645e-08
9.0,1.3520466733271865e-06
8.0,4.05614001998156e-06
20.0,0.0005615852612040093
21.0,0.0031742992658978083
22.0,0.0035810434944119488
1980.0,1.0562864635368645e-08
6139.0,1.0562864635368645e-08
9347.0,2.112572927073729e-08
3654.0,1.0562864635368645e-08
7412.0,1.0562864635368645e-08
2059.0,1.0562864635368645e-08
1548.0,2.112572927073729e-08
5468.0,2.112572927073729e-08
1205.0,1.0562864635368645e-08
7271.0,1.0562864635368645e-08
2808.0,1.0562864635368645e-08
4292.0,3.168859390610594e-08
5369.0,1.0562864635368645e-08
7781.0,1.0562864635368645e-08
3711.0,1.0562864635368645e-08
8704.0,1.0562864635368645e-08
1022.0,4.225145854147458e-08
1160.0,1.0562864635368645e-08
3774.0,1.0562864635368645e-08
9063.0,1.0562864635368645e-08
1483.0,5.281432317684323e-08
1799.0,1.0562864635368645e-08
7444.0,1.0562864635368645e-08
11536.0,1.0562864635368645e-08
1554.0,2.112572927073729e-08
2146.0,2.112572927073729e-08
8361.0,1.0562864635368645e-08
12649.0,1.0562864635368645e-08
2440.0,3.168859390610594e-08
4461.0,4.225145854147458e-08
1026.0,1.0562864635368645e-08
8508.0,1.0562864635368645e-08
8529.0,2.112572927073729e-08
1657.0,1.0562864635368645e-08
20820.0,1.0562864635368645e-08
20834.0,1.0562864635368645e-08
2799.0,2.112572927073729e-08
2953.0,1.0562864635368645e-08
2800.0,2.112572927073729e-08
2814.0,2.112572927073729e-08
41224.0,1.0562864635368645e-08
41237.0,1.0562864635368645e-08
4342.0,2.112572927073729e-08
4460.0,2.112572927073729e-08
5342.0,1.0562864635368645e-08
4405.0,2.112572927073729e-08
5403.0,1.0562864635368645e-08
4413.0,5.281432317684323e-08
5453.0,2.112572927073729e-08
4340.0,5.281432317684323e-08
8638.0,1.0562864635368645e-08
1713.0,2.112572927073729e-08
1904.0,2.112572927073729e-08
3595.0,1.0562864635368645e-08
1092.0,7.394005244758052e-08
6444.0,1.0562864635368645e-08
10735.0,1.0562864635368645e-08
1698.0,1.0562864635368645e-08
1701.0,1.0562864635368645e-08
1585.0,3.168859390610594e-08
2593.0,1.0562864635368645e-08
4917.0,1.0562864635368645e-08
7193.0,1.0562864635368645e-08
1137.0,1.0562864635368645e-08
2441.0,2.112572927073729e-08
1679.0,2.112572927073729e-08
5515.0,1.0562864635368645e-08
4607.0,1.0562864635368645e-08
1121.0,2.112572927073729e-08
1139.0,2.112572927073729e-08
1008.0,1.0562864635368645e-08
1080.0,2.112572927073729e-08
7507.0,1.0562864635368645e-08
12164.0,1.0562864635368645e-08
1044.0,1.0562864635368645e-08
1848.0,1.0562864635368645e-08
1678.0,2.112572927073729e-08
1296.0,6.337718781221188e-08
1053.0,3.168859390610594e-08
1141.0,1.0562864635368645e-08
4789.0,1.0562864635368645e-08
1099.0,2.112572927073729e-08
1907.0,1.0562864635368645e-08
6645.0,1.0562864635368645e-08
10285.0,1.0562864635368645e-08
4619.0,2.112572927073729e-08
5487.0,1.0562864635368645e-08
4516.0,1.0562864635368645e-08
4343.0,2.112572927073729e-08
1555.0,2.112572927073729e-08
3445.0,1.0562864635368645e-08
6046.0,1.0562864635368645e-08
1115.0,2.112572927073729e-08
9765.0,1.0562864635368645e-08
971.0,2.112572927073729e-08
2904.0,2.112572927073729e-08
4512.0,2.112572927073729e-08
4315.0,3.168859390610594e-08
4605.0,2.112572927073729e-08
5356.0,1.0562864635368645e-08
4464.0,3.168859390610594e-08
1574.0,1.0562864635368645e-08
1094.0,2.112572927073729e-08
4730.0,1.0562864635368645e-08
1085.0,1.0562864635368645e-08
8773.0,1.0562864635368645e-08
2853.0,2.112572927073729e-08
2781.0,1.0562864635368645e-08
2257.0,2.112572927073729e-08
1217.0,2.112572927073729e-08
4359.0,2.112572927073729e-08
4033.0,1.0562864635368645e-08
8380.0,1.0562864635368645e-08
2867.0,4.225145854147458e-08
4378.0,3.168859390610594e-08
5430.0,1.0562864635368645e-08
3785.0,2.112572927073729e-08
9586.0,1.0562864635368645e-08
1212.0,1.0562864635368645e-08
6252.0,1.0562864635368645e-08
10985.0,1.0562864635368645e-08
1030.0,2.112572927073729e-08
2896.0,1.0562864635368645e-08
4301.0,2.112572927073729e-08
5441.0,2.112572927073729e-08
5632.0,1.0562864635368645e-08
1957.0,1.0562864635368645e-08
2718.0,1.0562864635368645e-08
5380.0,1.0562864635368645e-08
8256.0,1.0562864635368645e-08
2864.0,1.0562864635368645e-08
4523.0,4.225145854147458e-08
4568.0,1.0562864635368645e-08
4571.0,2.112572927073729e-08
3686.0,1.0562864635368645e-08
7811.0,1.0562864635368645e-08
1002.0,1.0562864635368645e-08
2796.0,1.0562864635368645e-08
2280.0,5.281432317684323e-08
4498.0,3.168859390610594e-08
1556.0,3.168859390610594e-08
4174.0,1.0562864635368645e-08
9315.0,1.0562864635368645e-08
2327.0,2.112572927073729e-08
2894.0,1.0562864635368645e-08
1792.0,1.0562864635368645e-08
4367.0,3.168859390610594e-08
8522.0,1.0562864635368645e-08
10595.0,1.0562864635368645e-08
1282.0,2.112572927073729e-08
4346.0,4.225145854147458e-08
4356.0,3.168859390610594e-08
5463.0,1.0562864635368645e-08
1142.0,1.0562864635368645e-08
1089.0,3.168859390610594e-08
1183.0,2.112572927073729e-08
2119.0,1.0562864635368645e-08
5274.0,1.0562864635368645e-08
8255.0,1.0562864635368645e-08
4627.0,1.0562864635368645e-08
5447.0,1.0562864635368645e-08
1182.0,1.0562864635368645e-08
5861.0,1.0562864635368645e-08
10760.0,1.0562864635368645e-08
973.0,7.394005244758052e-08
4543.0,1.0562864635368645e-08
8486.0,2.112572927073729e-08
8410.0,1.0562864635368645e-08
8406.0,1.0562864635368645e-08
1276.0,1.0562864635368645e-08
1088.0,4.225145854147458e-08
8909.0,1.0562864635368645e-08
7764.0,1.0562864635368645e-08
10621.0,1.0562864635368645e-08
8387.0,2.112572927073729e-08
8707.0,1.0562864635368645e-08
10481.0,1.0562864635368645e-08
1670.0,1.0562864635368645e-08
1952.0,1.0562864635368645e-08
5214.0,2.112572927073729e-08
7051.0,1.0562864635368645e-08
1646.0,1.0562864635368645e-08
3040.0,1.0562864635368645e-08
4621.0,1.0562864635368645e-08
8535.0,1.0562864635368645e-08
8531.0,2.112572927073729e-08
8481.0,1.0562864635368645e-08
8614.0,2.112572927073729e-08
3417.0,1.0562864635368645e-08
7680.0,1.0562864635368645e-08
2446.0,1.0562864635368645e-08
1517.0,2.112572927073729e-08
1616.0,2.112572927073729e-08
4510.0,1.0562864635368645e-08
4326.0,4.225145854147458e-08
1912.0,1.0562864635368645e-08
3931.0,1.0562864635368645e-08
8168.0,1.0562864635368645e-08
1471.0,8.450291708294916e-08
3902.0,1.0562864635368645e-08
7386.0,1.0562864635368645e-08
1682.0,2.112572927073729e-08
1642.0,1.0562864635368645e-08
4508.0,1.0562864635368645e-08
4616.0,2.112572927073729e-08
3812.0,1.0562864635368645e-08
7408.0,1.0562864635368645e-08
1123.0,1.0562864635368645e-08
3086.0,1.0562864635368645e-08
5358.0,2.112572927073729e-08
9037.0,1.0562864635368645e-08
1500.0,4.225145854147458e-08
20882.0,1.0562864635368645e-08
21004.0,1.0562864635368645e-08
2879.0,1.0562864635368645e-08
2855.0,1.0562864635368645e-08
2427.0,4.225145854147458e-08
2873.0,1.0562864635368645e-08
1721.0,1.0562864635368645e-08
41375.0,1.0562864635368645e-08
41367.0,1.0562864635368645e-08
5454.0,2.112572927073729e-08
5365.0,1.0562864635368645e-08
5473.0,2.112572927073729e-08
4469.0,3.168859390610594e-08
6018.0,1.0562864635368645e-08
12099.0,1.0562864635368645e-08
1794.0,2.112572927073729e-08
3477.0,1.0562864635368645e-08
7366.0,1.0562864635368645e-08
1784.0,2.112572927073729e-08
1618.0,1.0562864635368645e-08
2695.0,1.0562864635368645e-08
5965.0,1.0562864635368645e-08
9803.0,1.0562864635368645e-08
2898.0,1.0562864635368645e-08
1577.0,3.168859390610594e-08
5461.0,1.0562864635368645e-08
1629.0,1.0562864635368645e-08
2622.0,1.0562864635368645e-08
7334.0,1.0562864635368645e-08
9983.0,1.0562864635368645e-08
2458.0,2.112572927073729e-08
1027.0,2.112572927073729e-08
8390.0,2.112572927073729e-08
8408.0,2.112572927073729e-08
2464.0,1.0562864635368645e-08
3807.0,1.0562864635368645e-08
6720.0,2.112572927073729e-08
11263.0,1.0562864635368645e-08
1596.0,3.168859390610594e-08
5124.0,1.0562864635368645e-08
10650.0,1.0562864635368645e-08
1024.0,3.168859390610594e-08
1604.0,4.225145854147458e-08
3670.0,1.0562864635368645e-08
8235.0,1.0562864635368645e-08
1703.0,1.0562864635368645e-08
4381.0,2.112572927073729e-08
8700.0,1.0562864635368645e-08
20816.0,1.0562864635368645e-08
20976.0,1.0562864635368645e-08
2469.0,1.0562864635368645e-08
2526.0,1.0562864635368645e-08
2892.0,3.168859390610594e-08
2423.0,2.112572927073729e-08
1689.0,1.0562864635368645e-08
41245.0,1.0562864635368645e-08
41327.0,1.0562864635368645e-08
4535.0,2.112572927073729e-08
5480.0,1.0562864635368645e-08
4363.0,1.0562864635368645e-08
5502.0,1.0562864635368645e-08
4406.0,4.225145854147458e-08
4468.0,2.112572927073729e-08
1158.0,1.0562864635368645e-08
1974.0,1.0562864635368645e-08
5067.0,1.0562864635368645e-08
9223.0,1.0562864635368645e-08
3047.0,1.0562864635368645e-08
1558.0,3.168859390610594e-08
1592.0,2.112572927073729e-08
4639.0,1.0562864635368645e-08
5483.0,1.0562864635368645e-08
1143.0,2.112572927073729e-08
2937.0,1.0562864635368645e-08
6073.0,1.0562864635368645e-08
10433.0,1.0562864635368645e-08
2154.0,1.0562864635368645e-08
8269.0,1.0562864635368645e-08
12274.0,1.0562864635368645e-08
7924.0,1.0562864635368645e-08
2450.0,1.0562864635368645e-08
1214.0,2.112572927073729e-08
5510.0,1.0562864635368645e-08
2368.0,2.112572927073729e-08
2531.0,1.0562864635368645e-08
8457.0,1.0562864635368645e-08
8441.0,2.112572927073729e-08
8639.0,1.0562864635368645e-08
4432.0,1.0562864635368645e-08
5341.0,2.112572927073729e-08
1944.0,1.0562864635368645e-08
5155.0,1.0562864635368645e-08
7903.0,1.0562864635368645e-08
2874.0,1.0562864635368645e-08
4637.0,2.112572927073729e-08
3648.0,1.0562864635368645e-08
8085.0,1.0562864635368645e-08
2889.0,2.112572927073729e-08
4599.0,3.168859390610594e-08
2037.0,1.0562864635368645e-08
5150.0,1.0562864635368645e-08
9638.0,1.0562864635368645e-08
1627.0,2.112572927073729e-08
1750.0,1.0562864635368645e-08
1830.0,1.0562864635368645e-08
9655.0,1.0562864635368645e-08
1631.0,1.0562864635368645e-08
3072.0,1.0562864635368645e-08
5781.0,1.0562864635368645e-08
8872.0,2.112572927073729e-08
1109.0,1.0562864635368645e-08
5417.0,1.0562864635368645e-08
2803.0,1.0562864635368645e-08
8539.0,1.0562864635368645e-08
8477.0,1.0562864635368645e-08
5424.0,1.0562864635368645e-08
4556.0,1.0562864635368645e-08
4906.0,1.0562864635368645e-08
4369.0,1.0562864635368645e-08
4366.0,1.0562864635368645e-08
8494.0,1.0562864635368645e-08
8421.0,1.0562864635368645e-08
8536.0,1.0562864635368645e-08
4613.0,1.0562864635368645e-08
4700.0,2.112572927073729e-08
1338047495.882057,1.0562864635368645e-08
1090.0,2.112572927073729e-08
8391.0,1.0562864635368645e-08
11341.0,1.0562864635368645e-08
1770.0,2.112572927073729e-08
4580.0,1.0562864635368645e-08
4578.0,1.0562864635368645e-08
1132.0,2.112572927073729e-08
991.0,1.0562864635368645e-08
2056.0,1.0562864635368645e-08
6574.0,1.0562864635368645e-08
10785.0,1.0562864635368645e-08
4570.0,1.0562864635368645e-08
2429.0,1.0562864635368645e-08
8593.0,1.0562864635368645e-08
8388.0,1.0562864635368645e-08
1651.0,1.0562864635368645e-08
4497.0,2.112572927073729e-08
5514.0,1.0562864635368645e-08
1011.0,3.168859390610594e-08
4167.0,1.0562864635368645e-08
9061.0,1.0562864635368645e-08
1589.0,2.112572927073729e-08
4600.0,2.112572927073729e-08
4522.0,1.0562864635368645e-08
5408.0,1.0562864635368645e-08
4489.0,4.225145854147458e-08
1861.0,1.0562864635368645e-08
5749.0,1.0562864635368645e-08
9117.0,1.0562864635368645e-08
2494.0,1.0562864635368645e-08
4481.0,1.0562864635368645e-08
2227.0,1.0562864635368645e-08
8497.0,2.112572927073729e-08
6281.0,1.0562864635368645e-08
10762.0,1.0562864635368645e-08
1707.0,1.0562864635368645e-08
1550.0,2.112572927073729e-08
4620.0,1.0562864635368645e-08
5529.0,1.0562864635368645e-08
2671.0,1.0562864635368645e-08
6386.0,1.0562864635368645e-08
9767.0,1.0562864635368645e-08
4122.0,1.0562864635368645e-08
8456.0,1.0562864635368645e-08
2900.0,3.168859390610594e-08
5353.0,1.0562864635368645e-08
4691.0,1.0562864635368645e-08
7111.0,1.0562864635368645e-08
10352.0,1.0562864635368645e-08
1809.0,1.0562864635368645e-08
5680.0,1.0562864635368645e-08
9477.0,1.0562864635368645e-08
1584.0,1.0562864635368645e-08
4582.0,2.112572927073729e-08
3729.0,1.0562864635368645e-08
6987.0,1.0562864635368645e-08
2793.0,4.225145854147458e-08
4290.0,4.225145854147458e-08
2581.0,1.0562864635368645e-08
7699.0,1.0562864635368645e-08
11383.0,1.0562864635368645e-08
4737.0,1.0562864635368645e-08
10400.0,1.0562864635368645e-08
3164.0,1.0562864635368645e-08
5399.0,1.0562864635368645e-08
7384.0,2.112572927073729e-08
1537.0,1.0562864635368645e-08
1719.0,1.0562864635368645e-08
4688.0,1.0562864635368645e-08
4595.0,1.0562864635368645e-08
3396.0,1.0562864635368645e-08
6954.0,1.0562864635368645e-08
2295.0,1.0562864635368645e-08
2888.0,1.0562864635368645e-08
3823.0,1.0562864635368645e-08
7038.0,1.0562864635368645e-08
2211.0,1.0562864635368645e-08
1905.0,1.0562864635368645e-08
1755.0,1.0562864635368645e-08
4463.0,1.0562864635368645e-08
4681.0,1.0562864635368645e-08
4515.0,1.0562864635368645e-08
9308.0,1.0562864635368645e-08
1209.0,1.0562864635368645e-08
2268.0,1.0562864635368645e-08
1716.0,1.0562864635368645e-08
4477.0,4.225145854147458e-08
2166.0,2.112572927073729e-08
7895.0,1.0562864635368645e-08
1747.0,1.0562864635368645e-08
1621.0,3.168859390610594e-08
2778.0,2.112572927073729e-08
7313.0,1.0562864635368645e-08
11229.0,1.0562864635368645e-08
1706.0,1.0562864635368645e-08
1532.0,1.0562864635368645e-08
1177.0,1.0562864635368645e-08
3469.0,1.0562864635368645e-08
7211.0,1.0562864635368645e-08
2031.0,1.0562864635368645e-08
2207.0,1.0562864635368645e-08
1625.0,2.112572927073729e-08
1607.0,1.0562864635368645e-08
2748.0,1.0562864635368645e-08
7040.0,1.0562864635368645e-08
9843.0,1.0562864635368645e-08
2318.0,1.0562864635368645e-08
3828.0,1.0562864635368645e-08
6569.0,1.0562864635368645e-08
9276.0,1.0562864635368645e-08
8828.0,1.0562864635368645e-08
4500.0,3.168859390610594e-08
4209.0,1.0562864635368645e-08
4139.0,1.0562864635368645e-08
9206.0,1.0562864635368645e-08
1122.0,1.0562864635368645e-08
4261.0,1.0562864635368645e-08
7513.0,1.0562864635368645e-08
1216.0,2.112572927073729e-08
2505.0,1.0562864635368645e-08
2872.0,1.0562864635368645e-08
4573.0,1.0562864635368645e-08
1136.0,2.112572927073729e-08
1169.0,2.112572927073729e-08
4925.0,1.0562864635368645e-08
10030.0,1.0562864635368645e-08
1605.0,1.0562864635368645e-08
3134.0,1.0562864635368645e-08
5088.0,1.0562864635368645e-08
9708.0,1.0562864635368645e-08
4576.0,1.0562864635368645e-08
4333.0,2.112572927073729e-08
5505.0,1.0562864635368645e-08
1082.0,2.112572927073729e-08
1152.0,1.0562864635368645e-08
3809.0,1.0562864635368645e-08
6633.0,1.0562864635368645e-08
2484.0,2.112572927073729e-08
8683.0,1.0562864635368645e-08
20802.0,1.0562864635368645e-08
20893.0,1.0562864635368645e-08
2785.0,3.168859390610594e-08
2917.0,1.0562864635368645e-08
2301.0,2.112572927073729e-08
964.0,4.225145854147458e-08
1664.0,1.0562864635368645e-08
41273.0,1.0562864635368645e-08
41331.0,1.0562864635368645e-08
4382.0,2.112572927073729e-08
5428.0,2.112572927073729e-08
4336.0,1.0562864635368645e-08
5472.0,1.0562864635368645e-08
5488.0,1.0562864635368645e-08
4641.0,1.0562864635368645e-08
5432.0,1.0562864635368645e-08
4736.0,1.0562864635368645e-08
9644.0,1.0562864635368645e-08
4285.0,1.0562864635368645e-08
1118.0,1.0562864635368645e-08
8399.0,1.0562864635368645e-08
8471.0,2.112572927073729e-08
1151.0,1.0562864635368645e-08
3509.0,1.0562864635368645e-08
8874.0,1.0562864635368645e-08
4159.0,2.112572927073729e-08
8305.0,1.0562864635368645e-08
2328.0,3.168859390610594e-08
1765.0,1.0562864635368645e-08
5458.0,1.0562864635368645e-08
5506.0,1.0562864635368645e-08
1038.0,2.112572927073729e-08
1960.0,1.0562864635368645e-08
3488.0,1.0562864635368645e-08
5790.0,1.0562864635368645e-08
11004.0,1.0562864635368645e-08
2477.0,1.0562864635368645e-08
2930.0,1.0562864635368645e-08
2899.0,1.0562864635368645e-08
8498.0,3.168859390610594e-08
8597.0,1.0562864635368645e-08
10540.0,1.0562864635368645e-08
4476.0,1.0562864635368645e-08
4711.0,1.0562864635368645e-08
4297.0,1.0562864635368645e-08
4636.0,1.0562864635368645e-08
3977.0,1.0562864635368645e-08
9010.0,1.0562864635368645e-08
3451.0,1.0562864635368645e-08
5097.0,1.0562864635368645e-08
8560.0,1.0562864635368645e-08
6624.0,1.0562864635368645e-08
10587.0,1.0562864635368645e-08
5347.0,1.0562864635368645e-08
7863.0,1.0562864635368645e-08
12484.0,1.0562864635368645e-08
1545.0,1.0562864635368645e-08
1153.0,2.112572927073729e-08
5707.0,1.0562864635368645e-08
11407.0,1.0562864635368645e-08
2986.0,1.0562864635368645e-08
8548.0,2.112572927073729e-08
2153.0,1.0562864635368645e-08
5559.0,1.0562864635368645e-08
7979.0,1.0562864635368645e-08
1201.0,1.0562864635368645e-08
2128.0,1.0562864635368645e-08
5826.0,1.0562864635368645e-08
8219.0,2.112572927073729e-08
8389.0,1.0562864635368645e-08
8574.0,1.0562864635368645e-08
3426.0,1.0562864635368645e-08
2421.0,1.0562864635368645e-08
10570.0,1.0562864635368645e-08
8520.0,1.0562864635368645e-08
1543.0,2.112572927073729e-08
2142.0,2.112572927073729e-08
5264.0,1.0562864635368645e-08
8556.0,1.0562864635368645e-08
3359.0,1.0562864635368645e-08
5669.0,1.0562864635368645e-08
8365.0,1.0562864635368645e-08
2504.0,2.112572927073729e-08
2854.0,1.0562864635368645e-08
1552.0,3.168859390610594e-08
8396.0,1.0562864635368645e-08
8426.0,1.0562864635368645e-08
8549.0,1.0562864635368645e-08
5538.0,1.0562864635368645e-08
5456.0,1.0562864635368645e-08
4593.0,1.0562864635368645e-08
3783.0,1.0562864635368645e-08
8643.0,1.0562864635368645e-08
1157.0,1.0562864635368645e-08
2837.0,1.0562864635368645e-08
5983.0,1.0562864635368645e-08
8756.0,1.0562864635368645e-08
2816.0,1.0562864635368645e-08
5535.0,1.0562864635368645e-08
1185.0,3.168859390610594e-08
1725.0,1.0562864635368645e-08
4856.0,1.0562864635368645e-08
7391.0,1.0562864635368645e-08
4400.0,3.168859390610594e-08
5439.0,2.112572927073729e-08
1087.0,2.112572927073729e-08
8296.0,1.0562864635368645e-08
2552.0,1.0562864635368645e-08
2983.0,1.0562864635368645e-08
8515.0,2.112572927073729e-08
3462.0,1.0562864635368645e-08
7007.0,1.0562864635368645e-08
3394.0,1.0562864635368645e-08
7492.0,1.0562864635368645e-08
2499.0,2.112572927073729e-08
1186.0,1.0562864635368645e-08
2191.0,1.0562864635368645e-08
4774.0,1.0562864635368645e-08
1072.0,1.0562864635368645e-08
5069.0,1.0562864635368645e-08
6999.0,1.0562864635368645e-08
2011.0,1.0562864635368645e-08
2053.0,1.0562864635368645e-08
5958.0,1.0562864635368645e-08
9249.0,1.0562864635368645e-08
2213.0,1.0562864635368645e-08
5321.0,1.0562864635368645e-08
9509.0,1.0562864635368645e-08
1159.0,1.0562864635368645e-08
3400.0,1.0562864635368645e-08
6540.0,1.0562864635368645e-08
8432.0,1.0562864635368645e-08
1108.0,1.0562864635368645e-08
1107.0,1.0562864635368645e-08
5036.0,1.0562864635368645e-08
10658.0,1.0562864635368645e-08
5427.0,1.0562864635368645e-08
3023.0,1.0562864635368645e-08
6185.0,1.0562864635368645e-08
11796.0,1.0562864635368645e-08
1775.0,1.0562864635368645e-08
8260.0,1.0562864635368645e-08
3544.0,1.0562864635368645e-08
7549.0,1.0562864635368645e-08
1847.0,1.0562864635368645e-08
1720.0,1.0562864635368645e-08
2835.0,1.0562864635368645e-08
7179.0,1.0562864635368645e-08
10999.0,2.112572927073729e-08
2125.0,1.0562864635368645e-08
5289.0,1.0562864635368645e-08
8138.0,1.0562864635368645e-08
4531.0,1.0562864635368645e-08
4538.0,2.112572927073729e-08
4213.0,1.0562864635368645e-08
8567.0,1.0562864635368645e-08
2472.0,1.0562864635368645e-08
4594.0,1.0562864635368645e-08
5552.0,1.0562864635368645e-08
992.0,1.0562864635368645e-08
3354.0,1.0562864635368645e-08
7194.0,1.0562864635368645e-08
10931.0,1.0562864635368645e-08
1150.0,1.0562864635368645e-08
4527.0,1.0562864635368645e-08
4718.0,1.0562864635368645e-08
3631.0,1.0562864635368645e-08
7216.0,1.0562864635368645e-08
1653.0,2.112572927073729e-08
1219.0,1.0562864635368645e-08
9838.0,1.0562864635368645e-08
4360.0,1.0562864635368645e-08
2394.0,1.0562864635368645e-08
8405.0,1.0562864635368645e-08
8521.0,2.112572927073729e-08
10477.0,1.0562864635368645e-08
5392.0,1.0562864635368645e-08
2072.0,1.0562864635368645e-08
4833.0,1.0562864635368645e-08
8060.0,1.0562864635368645e-08
2455.0,1.0562864635368645e-08
4371.0,3.168859390610594e-08
3010.0,1.0562864635368645e-08
8485.0,1.0562864635368645e-08
5422.0,1.0562864635368645e-08
4715.0,1.0562864635368645e-08
1091.0,1.0562864635368645e-08
1062.0,1.0562864635368645e-08
3109.0,1.0562864635368645e-08
7472.0,1.0562864635368645e-08
10622.0,1.0562864635368645e-08
2856.0,1.0562864635368645e-08
5521.0,1.0562864635368645e-08
9100.0,1.0562864635368645e-08
2920.0,1.0562864635368645e-08
1602.0,1.0562864635368645e-08
1078.0,2.112572927073729e-08
3602.0,1.0562864635368645e-08
5929.0,1.0562864635368645e-08
9073.0,1.0562864635368645e-08
3541.0,1.0562864635368645e-08
5327.0,1.0562864635368645e-08
9166.0,1.0562864635368645e-08
1798.0,1.0562864635368645e-08
1690.0,2.112572927073729e-08
5490.0,1.0562864635368645e-08
1173.0,1.0562864635368645e-08
2608.0,1.0562864635368645e-08
6178.0,1.0562864635368645e-08
4865.0,1.0562864635368645e-08
7928.0,1.0562864635368645e-08
1681.0,1.0562864635368645e-08
5805.0,1.0562864635368645e-08
1179.0,1.0562864635368645e-08
1603.0,1.0562864635368645e-08
5527.0,2.112572927073729e-08
10955.0,1.0562864635368645e-08
5336.0,2.112572927073729e-08
2760.0,1.0562864635368645e-08
6354.0,1.0562864635368645e-08
10813.0,1.0562864635368645e-08
4663.0,1.0562864635368645e-08
2233.0,1.0562864635368645e-08
3846.0,1.0562864635368645e-08
9181.0,1.0562864635368645e-08
7335.0,1.0562864635368645e-08
1674.0,1.0562864635368645e-08
4449.0,1.0562864635368645e-08
2050.0,1.0562864635368645e-08
5022.0,1.0562864635368645e-08
6951.0,1.0562864635368645e-08
1683.0,1.0562864635368645e-08
5457.0,2.112572927073729e-08
1184.0,1.0562864635368645e-08
4025.0,1.0562864635368645e-08
7045.0,1.0562864635368645e-08
2483.0,1.0562864635368645e-08
4629.0,1.0562864635368645e-08
5497.0,1.0562864635368645e-08
4821.0,1.0562864635368645e-08
7508.0,1.0562864635368645e-08
3988.0,1.0562864635368645e-08
8217.0,1.0562864635368645e-08
1576.0,2.112572927073729e-08
8398.0,2.112572927073729e-08
1066.0,2.112572927073729e-08
1975.0,1.0562864635368645e-08
4152.0,1.0562864635368645e-08
7327.0,1.0562864635368645e-08
4273.0,1.0562864635368645e-08
8412.0,1.0562864635368645e-08
10575.0,1.0562864635368645e-08
1007.0,1.0562864635368645e-08
6592.0,1.0562864635368645e-08
8479.0,1.0562864635368645e-08
20850.0,1.0562864635368645e-08
20710.0,1.0562864635368645e-08
2312.0,1.0562864635368645e-08
41223.0,1.0562864635368645e-08
41317.0,1.0562864635368645e-08
4351.0,1.0562864635368645e-08
5467.0,2.112572927073729e-08
3623.0,1.0562864635368645e-08
9445.0,1.0562864635368645e-08
1878.0,1.0562864635368645e-08
3395.0,1.0562864635368645e-08
6533.0,1.0562864635368645e-08
1520.0,1.0562864635368645e-08
6517.0,1.0562864635368645e-08
11165.0,1.0562864635368645e-08
2883.0,1.0562864635368645e-08
4272.0,1.0562864635368645e-08
7063.0,1.0562864635368645e-08
11641.0,1.0562864635368645e-08
2493.0,1.0562864635368645e-08
2943.0,1.0562864635368645e-08
1045.0,1.0562864635368645e-08
1102.0,1.0562864635368645e-08
1060.0,1.0562864635368645e-08
2202.0,1.0562864635368645e-08
8166.0,1.0562864635368645e-08
3601.0,1.0562864635368645e-08
7113.0,1.0562864635368645e-08
2103.0,1.0562864635368645e-08
6598.0,1.0562864635368645e-08
1047.0,1.0562864635368645e-08
4542.0,1.0562864635368645e-08
8470.0,1.0562864635368645e-08
20775.0,1.0562864635368645e-08
2960.0,1.0562864635368645e-08
2875.0,1.0562864635368645e-08
2786.0,1.0562864635368645e-08
2442.0,1.0562864635368645e-08
41366.0,1.0562864635368645e-08
41213.0,1.0562864635368645e-08
1140.0,1.0562864635368645e-08
3566.0,1.0562864635368645e-08
5841.0,1.0562864635368645e-08
8287.0,1.0562864635368645e-08
1854.0,1.0562864635368645e-08
5051.0,1.0562864635368645e-08
7847.0,1.0562864635368645e-08
2457.0,1.0562864635368645e-08
2491.0,1.0562864635368645e-08
2426.0,1.0562864635368645e-08
1634.0,1.0562864635368645e-08
1560.0,1.0562864635368645e-08
2196.0,1.0562864635368645e-08
5459.0,2.112572927073729e-08
8823.0,1.0562864635368645e-08
1633.0,1.0562864635368645e-08
3644.0,1.0562864635368645e-08
9098.0,1.0562864635368645e-08
2549.0,1.0562864635368645e-08
8581.0,1.0562864635368645e-08
8386.0,1.0562864635368645e-08
8801.0,1.0562864635368645e-08
1055.0,1.0562864635368645e-08
4276.0,1.0562864635368645e-08
8276.0,1.0562864635368645e-08
3387.0,1.0562864635368645e-08
5233.0,1.0562864635368645e-08
8438.0,1.0562864635368645e-08
4157.0,1.0562864635368645e-08
8250.0,1.0562864635368645e-08
8583.0,1.0562864635368645e-08
8453.0,1.0562864635368645e-08
3806.0,1.0562864635368645e-08
7962.0,1.0562864635368645e-08
1059.0,1.0562864635368645e-08
1111.0,1.0562864635368645e-08
2792.0,1.0562864635368645e-08
2863.0,1.0562864635368645e-08
2926.0,1.0562864635368645e-08
4778.0,1.0562864635368645e-08
9287.0,1.0562864635368645e-08
1929.0,1.0562864635368645e-08
1807.0,1.0562864635368645e-08
1850.0,1.0562864635368645e-08
4922.0,1.0562864635368645e-08
7140.0,1.0562864635368645e-08
8578.0,1.0562864635368645e-08
979.0,1.0562864635368645e-08
20776.0,1.0562864635368645e-08
20707.0,1.0562864635368645e-08
41334.0,1.0562864635368645e-08
5455.0,1.0562864635368645e-08
5370.0,1.0562864635368645e-08
5407.0,1.0562864635368645e-08
2754.0,1.0562864635368645e-08
7967.0,1.0562864635368645e-08
10927.0,1.0562864635368645e-08
2624.0,1.0562864635368645e-08
6132.0,1.0562864635368645e-08
9070.0,1.0562864635368645e-08
6091.0,1.0562864635368645e-08
12220.0,1.0562864635368645e-08
8862.0,1.0562864635368645e-08
2234.0,1.0562864635368645e-08
2805.0,1.0562864635368645e-08
5476.0,1.0562864635368645e-08
